date,competition_id,season,home_team_id,home_team_name,away_team_id,away_team_name,home_goals,away_goals
2024-08-15,LALIGA,2024-25,athletic_club,Athletic Club,getafe_cf,Getafe CF,1,1
2024-08-15,LALIGA,2024-25,real_betis_balompie,Real Betis Balompié,girona_fc,Girona FC,1,1
2024-08-16,LALIGA,2024-25,rc_celta_de_vigo,RC Celta de Vigo,deportivo_alaves,Deportivo Alavés,2,1
2024-08-16,LALIGA,2024-25,ud_las_palmas,UD Las Palmas,sevilla_fc,Sevilla FC,2,2
2024-08-16,PREMIER,2024-25,manchester_united_fc,Manchester United FC,fulham_fc,Fulham FC,1,0
2024-08-17,LALIGA,2024-25,ca_osasuna,CA Osasuna,cd_leganes,CD Leganés,1,1
2024-08-17,LALIGA,2024-25,valencia_cf,Valencia CF,fc_barcelona,FC Barcelona,1,2
2024-08-17,PREMIER,2024-25,ipswich_town_fc,Ipswich Town FC,liverpool_fc,Liverpool FC,0,2
2024-08-17,PREMIER,2024-25,arsenal_fc,Arsenal FC,wolverhampton_wanderers_fc,Wolverhampton Wanderers FC,2,0
2024-08-17,PREMIER,2024-25,everton_fc,Everton FC,brighton_hove_albion_fc,Brighton & Hove Albion FC,0,3
2024-08-17,PREMIER,2024-25,newcastle_united_fc,Newcastle United FC,southampton_fc,Southampton FC,1,0
2024-08-17,PREMIER,2024-25,nottingham_forest_fc,Nottingham Forest FC,afc_bournemouth,AFC Bournemouth,1,1
2024-08-17,PREMIER,2024-25,west_ham_united_fc,West Ham United FC,aston_villa_fc,Aston Villa FC,1,2
2024-08-17,SERIEA,2024-25,genoa_cfc,Genoa CFC,fc_internazionale_milano,FC Internazionale Milano,2,2
2024-08-17,SERIEA,2024-25,parma_calcio_1913,Parma Calcio 1913,acf_fiorentina,ACF Fiorentina,1,1
2024-08-17,SERIEA,2024-25,empoli_fc,Empoli FC,ac_monza,AC Monza,0,0
2024-08-17,SERIEA,2024-25,ac_milan,AC Milan,torino_fc,Torino FC,2,2
2024-08-18,LALIGA,2024-25,real_sociedad_de_futbol,Real Sociedad de Fútbol,rayo_vallecano_de_madrid,Rayo Vallecano de Madrid,1,2
2024-08-18,LALIGA,2024-25,rcd_mallorca,RCD Mallorca,real_madrid_cf,Real Madrid CF,1,1
2024-08-18,PREMIER,2024-25,brentford_fc,Brentford FC,crystal_palace_fc,Crystal Palace FC,2,1
2024-08-18,PREMIER,2024-25,chelsea_fc,Chelsea FC,manchester_city_fc,Manchester City FC,0,2
2024-08-18,SERIEA,2024-25,bologna_fc_1909,Bologna FC 1909,udinese_calcio,Udinese Calcio,1,1
2024-08-18,SERIEA,2024-25,hellas_verona_fc,Hellas Verona FC,ssc_napoli,SSC Napoli,3,0
2024-08-18,SERIEA,2024-25,cagliari_calcio,Cagliari Calcio,as_roma,AS Roma,0,0
2024-08-18,SERIEA,2024-25,ss_lazio,SS Lazio,venezia_fc,Venezia FC,3,1
2024-08-19,LALIGA,2024-25,real_valladolid_cf,Real Valladolid CF,rcd_espanyol_de_barcelona,RCD Espanyol de Barcelona,1,0
2024-08-19,LALIGA,2024-25,villarreal_cf,Villarreal CF,club_atletico_de_madrid,Club Atlético de Madrid,2,2
2024-08-19,PREMIER,2024-25,leicester_city_fc,Leicester City FC,tottenham_hotspur_fc,Tottenham Hotspur FC,1,1
2024-08-19,SERIEA,2024-25,us_lecce,US Lecce,atalanta_bc,Atalanta BC,0,4
2024-08-19,SERIEA,2024-25,juventus_fc,Juventus FC,como_1907,Como 1907,3,0
2024-08-23,LALIGA,2024-25,rc_celta_de_vigo,RC Celta de Vigo,valencia_cf,Valencia CF,3,1
2024-08-23,LALIGA,2024-25,sevilla_fc,Sevilla FC,villarreal_cf,Villarreal CF,1,2
2024-08-24,LALIGA,2024-25,ca_osasuna,CA Osasuna,rcd_mallorca,RCD Mallorca,1,0
2024-08-24,LALIGA,2024-25,fc_barcelona,FC Barcelona,athletic_club,Athletic Club,2,1
2024-08-24,LALIGA,2024-25,getafe_cf,Getafe CF,rayo_vallecano_de_madrid,Rayo Vallecano de Madrid,0,0
2024-08-24,LALIGA,2024-25,rcd_espanyol_de_barcelona,RCD Espanyol de Barcelona,real_sociedad_de_futbol,Real Sociedad de Fútbol,0,1
2024-08-24,PREMIER,2024-25,brighton_hove_albion_fc,Brighton & Hove Albion FC,manchester_united_fc,Manchester United FC,2,1
2024-08-24,PREMIER,2024-25,crystal_palace_fc,Crystal Palace FC,west_ham_united_fc,West Ham United FC,0,2
2024-08-24,PREMIER,2024-25,fulham_fc,Fulham FC,leicester_city_fc,Leicester City FC,2,1
2024-08-24,PREMIER,2024-25,manchester_city_fc,Manchester City FC,ipswich_town_fc,Ipswich Town FC,4,1
2024-08-24,PREMIER,2024-25,southampton_fc,Southampton FC,nottingham_forest_fc,Nottingham Forest FC,0,1
2024-08-24,PREMIER,2024-25,tottenham_hotspur_fc,Tottenham Hotspur FC,everton_fc,Everton FC,4,0
2024-08-24,PREMIER,2024-25,aston_villa_fc,Aston Villa FC,arsenal_fc,Arsenal FC,0,2
2024-08-24,SERIEA,2024-25,parma_calcio_1913,Parma Calcio 1913,ac_milan,AC Milan,2,1
2024-08-24,SERIEA,2024-25,udinese_calcio,Udinese Calcio,ss_lazio,SS Lazio,2,1
2024-08-24,SERIEA,2024-25,fc_internazionale_milano,FC Internazionale Milano,us_lecce,US Lecce,2,0
2024-08-24,SERIEA,2024-25,ac_monza,AC Monza,genoa_cfc,Genoa CFC,0,1
2024-08-25,LALIGA,2024-25,real_madrid_cf,Real Madrid CF,real_valladolid_cf,Real Valladolid CF,3,0
2024-08-25,LALIGA,2024-25,cd_leganes,CD Leganés,ud_las_palmas,UD Las Palmas,2,1
2024-08-25,LALIGA,2024-25,deportivo_alaves,Deportivo Alavés,real_betis_balompie,Real Betis Balompié,0,0
2024-08-25,LALIGA,2024-25,club_atletico_de_madrid,Club Atlético de Madrid,girona_fc,Girona FC,3,0
2024-08-25,PREMIER,2024-25,afc_bournemouth,AFC Bournemouth,newcastle_united_fc,Newcastle United FC,1,1
2024-08-25,PREMIER,2024-25,wolverhampton_wanderers_fc,Wolverhampton Wanderers FC,chelsea_fc,Chelsea FC,2,6
2024-08-25,PREMIER,2024-25,liverpool_fc,Liverpool FC,brentford_fc,Brentford FC,2,0
2024-08-25,SERIEA,2024-25,acf_fiorentina,ACF Fiorentina,venezia_fc,Venezia FC,0,0
2024-08-25,SERIEA,2024-25,torino_fc,Torino FC,atalanta_bc,Atalanta BC,2,1
2024-08-25,SERIEA,2024-25,ssc_napoli,SSC Napoli,bologna_fc_1909,Bologna FC 1909,3,0
2024-08-25,SERIEA,2024-25,as_roma,AS Roma,empoli_fc,Empoli FC,1,2
2024-08-26,LALIGA,2024-25,villarreal_cf,Villarreal CF,rc_celta_de_vigo,RC Celta de Vigo,4,3
2024-08-26,SERIEA,2024-25,cagliari_calcio,Cagliari Calcio,como_1907,Como 1907,1,1
2024-08-26,SERIEA,2024-25,hellas_verona_fc,Hellas Verona FC,juventus_fc,Juventus FC,0,3
2024-08-27,LALIGA,2024-25,rcd_mallorca,RCD Mallorca,sevilla_fc,Sevilla FC,0,0
2024-08-27,LALIGA,2024-25,rayo_vallecano_de_madrid,Rayo Vallecano de Madrid,fc_barcelona,FC Barcelona,1,2
2024-08-28,LALIGA,2024-25,athletic_club,Athletic Club,valencia_cf,Valencia CF,1,0
2024-08-28,LALIGA,2024-25,real_valladolid_cf,Real Valladolid CF,cd_leganes,CD Leganés,0,0
2024-08-28,LALIGA,2024-25,real_sociedad_de_futbol,Real Sociedad de Fútbol,deportivo_alaves,Deportivo Alavés,1,2
2024-08-28,LALIGA,2024-25,club_atletico_de_madrid,Club Atlético de Madrid,rcd_espanyol_de_barcelona,RCD Espanyol de Barcelona,0,0
2024-08-29,LALIGA,2024-25,girona_fc,Girona FC,ca_osasuna,CA Osasuna,4,0
2024-08-29,LALIGA,2024-25,ud_las_palmas,UD Las Palmas,real_madrid_cf,Real Madrid CF,1,1
2024-08-30,SERIEA,2024-25,venezia_fc,Venezia FC,torino_fc,Torino FC,0,1
2024-08-30,SERIEA,2024-25,fc_internazionale_milano,FC Internazionale Milano,atalanta_bc,Atalanta BC,4,0
2024-08-31,LALIGA,2024-25,fc_barcelona,FC Barcelona,real_valladolid_cf,Real Valladolid CF,7,0
2024-08-31,LALIGA,2024-25,athletic_club,Athletic Club,club_atletico_de_madrid,Club Atlético de Madrid,0,1
2024-08-31,LALIGA,2024-25,rcd_espanyol_de_barcelona,RCD Espanyol de Barcelona,rayo_vallecano_de_madrid,Rayo Vallecano de Madrid,2,1
2024-08-31,LALIGA,2024-25,cd_leganes,CD Leganés,rcd_mallorca,RCD Mallorca,0,1
2024-08-31,LALIGA,2024-25,valencia_cf,Valencia CF,villarreal_cf,Villarreal CF,1,1
2024-08-31,PREMIER,2024-25,arsenal_fc,Arsenal FC,brighton_hove_albion_fc,Brighton & Hove Albion FC,1,1
2024-08-31,PREMIER,2024-25,brentford_fc,Brentford FC,southampton_fc,Southampton FC,3,1
2024-08-31,PREMIER,2024-25,everton_fc,Everton FC,afc_bournemouth,AFC Bournemouth,2,3
2024-08-31,PREMIER,2024-25,ipswich_town_fc,Ipswich Town FC,fulham_fc,Fulham FC,1,1
2024-08-31,PREMIER,2024-25,leicester_city_fc,Leicester City FC,aston_villa_fc,Aston Villa FC,1,2
2024-08-31,PREMIER,2024-25,nottingham_forest_fc,Nottingham Forest FC,wolverhampton_wanderers_fc,Wolverhampton Wanderers FC,1,1
2024-08-31,PREMIER,2024-25,west_ham_united_fc,West Ham United FC,manchester_city_fc,Manchester City FC,1,3
2024-08-31,SERIEA,2024-25,bologna_fc_1909,Bologna FC 1909,empoli_fc,Empoli FC,1,1
2024-08-31,SERIEA,2024-25,us_lecce,US Lecce,cagliari_calcio,Cagliari Calcio,1,0
2024-08-31,SERIEA,2024-25,ss_lazio,SS Lazio,ac_milan,AC Milan,2,2
2024-08-31,SERIEA,2024-25,ssc_napoli,SSC Napoli,parma_calcio_1913,Parma Calcio 1913,2,1
2024-09-01,LALIGA,2024-25,ca_osasuna,CA Osasuna,rc_celta_de_vigo,RC Celta de Vigo,3,2
2024-09-01,LALIGA,2024-25,deportivo_alaves,Deportivo Alavés,ud_las_palmas,UD Las Palmas,2,0
2024-09-01,LALIGA,2024-25,sevilla_fc,Sevilla FC,girona_fc,Girona FC,0,2
2024-09-01,LALIGA,2024-25,getafe_cf,Getafe CF,real_sociedad_de_futbol,Real Sociedad de Fútbol,0,0
2024-09-01,LALIGA,2024-25,real_madrid_cf,Real Madrid CF,real_betis_balompie,Real Betis Balompié,2,0
2024-09-01,PREMIER,2024-25,chelsea_fc,Chelsea FC,crystal_palace_fc,Crystal Palace FC,1,1
2024-09-01,PREMIER,2024-25,newcastle_united_fc,Newcastle United FC,tottenham_hotspur_fc,Tottenham Hotspur FC,2,1
2024-09-01,PREMIER,2024-25,manchester_united_fc,Manchester United FC,liverpool_fc,Liverpool FC,0,3
2024-09-01,SERIEA,2024-25,acf_fiorentina,ACF Fiorentina,ac_monza,AC Monza,2,2
2024-09-01,SERIEA,2024-25,genoa_cfc,Genoa CFC,hellas_verona_fc,Hellas Verona FC,0,2
2024-09-01,SERIEA,2024-25,juventus_fc,Juventus FC,as_roma,AS Roma,0,0
2024-09-01,SERIEA,2024-25,udinese_calcio,Udinese Calcio,como_1907,Como 1907,1,0
2024-09-13,LALIGA,2024-25,real_betis_balompie,Real Betis Balompié,cd_leganes,CD Leganés,2,0
2024-09-14,LALIGA,2024-25,rcd_mallorca,RCD Mallorca,villarreal_cf,Villarreal CF,1,2
2024-09-14,LALIGA,2024-25,rcd_espanyol_de_barcelona,RCD Espanyol de Barcelona,deportivo_alaves,Deportivo Alavés,3,2
2024-09-14,LALIGA,2024-25,sevilla_fc,Sevilla FC,getafe_cf,Getafe CF,1,0
2024-09-14,LALIGA,2024-25,real_sociedad_de_futbol,Real Sociedad de Fútbol,real_madrid_cf,Real Madrid CF,0,2
2024-09-14,PREMIER,2024-25,southampton_fc,Southampton FC,manchester_united_fc,Manchester United FC,0,3
2024-09-14,PREMIER,2024-25,brighton_hove_albion_fc,Brighton & Hove Albion FC,ipswich_town_fc,Ipswich Town FC,0,0
2024-09-14,PREMIER,2024-25,crystal_palace_fc,Crystal Palace FC,leicester_city_fc,Leicester City FC,2,2
2024-09-14,PREMIER,2024-25,fulham_fc,Fulham FC,west_ham_united_fc,West Ham United FC,1,1
2024-09-14,PREMIER,2024-25,liverpool_fc,Liverpool FC,nottingham_forest_fc,Nottingham Forest FC,0,1
2024-09-14,PREMIER,2024-25,manchester_city_fc,Manchester City FC,brentford_fc,Brentford FC,2,1
2024-09-14,PREMIER,2024-25,aston_villa_fc,Aston Villa FC,everton_fc,Everton FC,3,2
2024-09-14,PREMIER,2024-25,afc_bournemouth,AFC Bournemouth,chelsea_fc,Chelsea FC,0,1
2024-09-14,SERIEA,2024-25,como_1907,Como 1907,bologna_fc_1909,Bologna FC 1909,2,2
2024-09-14,SERIEA,2024-25,empoli_fc,Empoli FC,juventus_fc,Juventus FC,0,0
2024-09-14,SERIEA,2024-25,ac_milan,AC Milan,venezia_fc,Venezia FC,4,0
2024-09-15,LALIGA,2024-25,rc_celta_de_vigo,RC Celta de Vigo,real_valladolid_cf,Real Valladolid CF,3,1
2024-09-15,LALIGA,2024-25,girona_fc,Girona FC,fc_barcelona,FC Barcelona,1,4
2024-09-15,LALIGA,2024-25,ud_las_palmas,UD Las Palmas,athletic_club,Athletic Club,2,3
2024-09-15,LALIGA,2024-25,club_atletico_de_madrid,Club Atlético de Madrid,valencia_cf,Valencia CF,3,0
2024-09-15,PREMIER,2024-25,tottenham_hotspur_fc,Tottenham Hotspur FC,arsenal_fc,Arsenal FC,0,1
2024-09-15,PREMIER,2024-25,wolverhampton_wanderers_fc,Wolverhampton Wanderers FC,newcastle_united_fc,Newcastle United FC,1,2
2024-09-15,SERIEA,2024-25,genoa_cfc,Genoa CFC,as_roma,AS Roma,1,1
2024-09-15,SERIEA,2024-25,atalanta_bc,Atalanta BC,acf_fiorentina,ACF Fiorentina,3,2
2024-09-15,SERIEA,2024-25,torino_fc,Torino FC,us_lecce,US Lecce,0,0
2024-09-15,SERIEA,2024-25,cagliari_calcio,Cagliari Calcio,ssc_napoli,SSC Napoli,0,4
2024-09-15,SERIEA,2024-25,ac_monza,AC Monza,fc_internazionale_milano,FC Internazionale Milano,1,1
2024-09-16,LALIGA,2024-25,rayo_vallecano_de_madrid,Rayo Vallecano de Madrid,ca_osasuna,CA Osasuna,3,1
2024-09-16,SERIEA,2024-25,parma_calcio_1913,Parma Calcio 1913,udinese_calcio,Udinese Calcio,2,3
2024-09-16,SERIEA,2024-25,ss_lazio,SS Lazio,hellas_verona_fc,Hellas Verona FC,2,1
2024-09-17,CHAMPIONS,2024-25,bsc_young_boys,BSC Young Boys,aston_villa_fc,Aston Villa FC,0,3
2024-09-17,CHAMPIONS,2024-25,juventus_fc,Juventus FC,psv,PSV,3,1
2024-09-17,CHAMPIONS,2024-25,sporting_clube_de_portugal,Sporting Clube de Portugal,lille_osc,Lille OSC,2,0
2024-09-17,CHAMPIONS,2024-25,fc_bayern_munchen,FC Bayern München,gnk_dinamo_zagreb,GNK Dinamo Zagreb,9,2
2024-09-17,CHAMPIONS,2024-25,real_madrid_cf,Real Madrid CF,vfb_stuttgart,VfB Stuttgart,3,1
2024-09-17,CHAMPIONS,2024-25,ac_milan,AC Milan,liverpool_fc,Liverpool FC,1,3
2024-09-17,LALIGA,2024-25,rcd_mallorca,RCD Mallorca,real_sociedad_de_futbol,Real Sociedad de Fútbol,1,0
2024-09-18,CHAMPIONS,2024-25,bologna_fc_1909,Bologna FC 1909,fk_shakhtar_donetsk,FK Shakhtar Donetsk,0,0
2024-09-18,CHAMPIONS,2024-25,ac_sparta_praha,AC Sparta Praha,fc_red_bull_salzburg,FC Red Bull Salzburg,3,0
2024-09-18,CHAMPIONS,2024-25,manchester_city_fc,Manchester City FC,fc_internazionale_milano,FC Internazionale Milano,0,0
2024-09-18,CHAMPIONS,2024-25,paris_saint_germain_fc,Paris Saint-Germain FC,girona_fc,Girona FC,1,0
2024-09-18,CHAMPIONS,2024-25,club_brugge_kv,Club Brugge KV,borussia_dortmund,Borussia Dortmund,0,3
2024-09-18,CHAMPIONS,2024-25,celtic_fc,Celtic FC,sk_slovan_bratislava,ŠK Slovan Bratislava,5,1
2024-09-18,LALIGA,2024-25,real_betis_balompie,Real Betis Balompié,getafe_cf,Getafe CF,2,1
2024-09-19,CHAMPIONS,2024-25,feyenoord_rotterdam,Feyenoord Rotterdam,bayer_04_leverkusen,Bayer 04 Leverkusen,0,4
2024-09-19,CHAMPIONS,2024-25,fk_crvena_zvezda,FK Crvena Zvezda,sport_lisboa_e_benfica,Sport Lisboa e Benfica,1,2
2024-09-19,CHAMPIONS,2024-25,as_monaco_fc,AS Monaco FC,fc_barcelona,FC Barcelona,2,1
2024-09-19,CHAMPIONS,2024-25,stade_brestois_29,Stade Brestois 29,sk_sturm_graz,SK Sturm Graz,2,1
2024-09-19,CHAMPIONS,2024-25,atalanta_bc,Atalanta BC,arsenal_fc,Arsenal FC,0,0
2024-09-19,CHAMPIONS,2024-25,club_atletico_de_madrid,Club Atlético de Madrid,rb_leipzig,RB Leipzig,2,1
2024-09-19,LALIGA,2024-25,cd_leganes,CD Leganés,athletic_club,Athletic Club,0,2
2024-09-20,LALIGA,2024-25,deportivo_alaves,Deportivo Alavés,sevilla_fc,Sevilla FC,2,1
2024-09-20,SERIEA,2024-25,cagliari_calcio,Cagliari Calcio,empoli_fc,Empoli FC,0,2
2024-09-20,SERIEA,2024-25,hellas_verona_fc,Hellas Verona FC,torino_fc,Torino FC,2,3
2024-09-21,LALIGA,2024-25,real_valladolid_cf,Real Valladolid CF,real_sociedad_de_futbol,Real Sociedad de Fútbol,0,0
2024-09-21,LALIGA,2024-25,ca_osasuna,CA Osasuna,ud_las_palmas,UD Las Palmas,2,1
2024-09-21,LALIGA,2024-25,valencia_cf,Valencia CF,girona_fc,Girona FC,2,0
2024-09-21,LALIGA,2024-25,real_madrid_cf,Real Madrid CF,rcd_espanyol_de_barcelona,RCD Espanyol de Barcelona,4,1
2024-09-21,PREMIER,2024-25,west_ham_united_fc,West Ham United FC,chelsea_fc,Chelsea FC,0,3
2024-09-21,PREMIER,2024-25,aston_villa_fc,Aston Villa FC,wolverhampton_wanderers_fc,Wolverhampton Wanderers FC,3,1
2024-09-21,PREMIER,2024-25,fulham_fc,Fulham FC,newcastle_united_fc,Newcastle United FC,3,1
2024-09-21,PREMIER,2024-25,leicester_city_fc,Leicester City FC,everton_fc,Everton FC,1,1
2024-09-21,PREMIER,2024-25,liverpool_fc,Liverpool FC,afc_bournemouth,AFC Bournemouth,3,0
2024-09-21,PREMIER,2024-25,southampton_fc,Southampton FC,ipswich_town_fc,Ipswich Town FC,1,1
2024-09-21,PREMIER,2024-25,tottenham_hotspur_fc,Tottenham Hotspur FC,brentford_fc,Brentford FC,3,1
2024-09-21,PREMIER,2024-25,crystal_palace_fc,Crystal Palace FC,manchester_united_fc,Manchester United FC,0,0
2024-09-21,SERIEA,2024-25,venezia_fc,Venezia FC,genoa_cfc,Genoa CFC,2,0
2024-09-21,SERIEA,2024-25,juventus_fc,Juventus FC,ssc_napoli,SSC Napoli,0,0
2024-09-21,SERIEA,2024-25,us_lecce,US Lecce,parma_calcio_1913,Parma Calcio 1913,2,2
2024-09-22,LALIGA,2024-25,getafe_cf,Getafe CF,cd_leganes,CD Leganés,1,1
2024-09-22,LALIGA,2024-25,athletic_club,Athletic Club,rc_celta_de_vigo,RC Celta de Vigo,3,1
2024-09-22,LALIGA,2024-25,villarreal_cf,Villarreal CF,fc_barcelona,FC Barcelona,1,5
2024-09-22,LALIGA,2024-25,rayo_vallecano_de_madrid,Rayo Vallecano de Madrid,club_atletico_de_madrid,Club Atlético de Madrid,1,1
2024-09-22,PREMIER,2024-25,brighton_hove_albion_fc,Brighton & Hove Albion FC,nottingham_forest_fc,Nottingham Forest FC,2,2
2024-09-22,PREMIER,2024-25,manchester_city_fc,Manchester City FC,arsenal_fc,Arsenal FC,2,2
2024-09-22,SERIEA,2024-25,acf_fiorentina,ACF Fiorentina,ss_lazio,SS Lazio,2,1
2024-09-22,SERIEA,2024-25,ac_monza,AC Monza,bologna_fc_1909,Bologna FC 1909,1,2
2024-09-22,SERIEA,2024-25,as_roma,AS Roma,udinese_calcio,Udinese Calcio,3,0
2024-09-22,SERIEA,2024-25,fc_internazionale_milano,FC Internazionale Milano,ac_milan,AC Milan,1,2
2024-09-23,LALIGA,2024-25,real_betis_balompie,Real Betis Balompié,rcd_mallorca,RCD Mallorca,1,2
2024-09-24,LALIGA,2024-25,sevilla_fc,Sevilla FC,real_valladolid_cf,Real Valladolid CF,2,1
2024-09-24,LALIGA,2024-25,valencia_cf,Valencia CF,ca_osasuna,CA Osasuna,0,0
2024-09-24,LALIGA,2024-25,real_madrid_cf,Real Madrid CF,deportivo_alaves,Deportivo Alavés,3,2
2024-09-24,SERIEA,2024-25,atalanta_bc,Atalanta BC,como_1907,Como 1907,2,3
2024-09-25,LALIGA,2024-25,girona_fc,Girona FC,rayo_vallecano_de_madrid,Rayo Vallecano de Madrid,0,0
2024-09-25,LALIGA,2024-25,fc_barcelona,FC Barcelona,getafe_cf,Getafe CF,1,0
2024-09-26,LALIGA,2024-25,ud_las_palmas,UD Las Palmas,real_betis_balompie,Real Betis Balompié,1,1
2024-09-26,LALIGA,2024-25,rcd_espanyol_de_barcelona,RCD Espanyol de Barcelona,villarreal_cf,Villarreal CF,1,2
2024-09-26,LALIGA,2024-25,rc_celta_de_vigo,RC Celta de Vigo,club_atletico_de_madrid,Club Atlético de Madrid,0,1
2024-09-27,LALIGA,2024-25,real_valladolid_cf,Real Valladolid CF,rcd_mallorca,RCD Mallorca,1,2
2024-09-27,SERIEA,2024-25,ac_milan,AC Milan,us_lecce,US Lecce,3,0
2024-09-28,LALIGA,2024-25,getafe_cf,Getafe CF,deportivo_alaves,Deportivo Alavés,2,0
2024-09-28,LALIGA,2024-25,rayo_vallecano_de_madrid,Rayo Vallecano de Madrid,cd_leganes,CD Leganés,1,1
2024-09-28,LALIGA,2024-25,real_sociedad_de_futbol,Real Sociedad de Fútbol,valencia_cf,Valencia CF,3,0
2024-09-28,LALIGA,2024-25,ca_osasuna,CA Osasuna,fc_barcelona,FC Barcelona,4,2
2024-09-28,PREMIER,2024-25,newcastle_united_fc,Newcastle United FC,manchester_city_fc,Manchester City FC,1,1
2024-09-28,PREMIER,2024-25,arsenal_fc,Arsenal FC,leicester_city_fc,Leicester City FC,4,2
2024-09-28,PREMIER,2024-25,brentford_fc,Brentford FC,west_ham_united_fc,West Ham United FC,1,1
2024-09-28,PREMIER,2024-25,chelsea_fc,Chelsea FC,brighton_hove_albion_fc,Brighton & Hove Albion FC,4,2
2024-09-28,PREMIER,2024-25,everton_fc,Everton FC,crystal_palace_fc,Crystal Palace FC,2,1
2024-09-28,PREMIER,2024-25,nottingham_forest_fc,Nottingham Forest FC,fulham_fc,Fulham FC,0,1
2024-09-28,PREMIER,2024-25,wolverhampton_wanderers_fc,Wolverhampton Wanderers FC,liverpool_fc,Liverpool FC,1,2
2024-09-28,SERIEA,2024-25,udinese_calcio,Udinese Calcio,fc_internazionale_milano,FC Internazionale Milano,2,3
2024-09-28,SERIEA,2024-25,genoa_cfc,Genoa CFC,juventus_fc,Juventus FC,0,3
2024-09-28,SERIEA,2024-25,bologna_fc_1909,Bologna FC 1909,atalanta_bc,Atalanta BC,1,1
2024-09-29,LALIGA,2024-25,rc_celta_de_vigo,RC Celta de Vigo,girona_fc,Girona FC,1,1
2024-09-29,LALIGA,2024-25,athletic_club,Athletic Club,sevilla_fc,Sevilla FC,1,1
2024-09-29,LALIGA,2024-25,real_betis_balompie,Real Betis Balompié,rcd_espanyol_de_barcelona,RCD Espanyol de Barcelona,1,0
2024-09-29,LALIGA,2024-25,club_atletico_de_madrid,Club Atlético de Madrid,real_madrid_cf,Real Madrid CF,1,1
2024-09-29,PREMIER,2024-25,ipswich_town_fc,Ipswich Town FC,aston_villa_fc,Aston Villa FC,2,2
2024-09-29,PREMIER,2024-25,manchester_united_fc,Manchester United FC,tottenham_hotspur_fc,Tottenham Hotspur FC,0,3
2024-09-29,SERIEA,2024-25,torino_fc,Torino FC,ss_lazio,SS Lazio,2,3
2024-09-29,SERIEA,2024-25,como_1907,Como 1907,hellas_verona_fc,Hellas Verona FC,3,2
2024-09-29,SERIEA,2024-25,as_roma,AS Roma,venezia_fc,Venezia FC,2,1
2024-09-29,SERIEA,2024-25,empoli_fc,Empoli FC,acf_fiorentina,ACF Fiorentina,0,0
2024-09-29,SERIEA,2024-25,ssc_napoli,SSC Napoli,ac_monza,AC Monza,2,0
2024-09-30,LALIGA,2024-25,villarreal_cf,Villarreal CF,ud_las_palmas,UD Las Palmas,3,1
2024-09-30,PREMIER,2024-25,afc_bournemouth,AFC Bournemouth,southampton_fc,Southampton FC,3,1
2024-09-30,SERIEA,2024-25,parma_calcio_1913,Parma Calcio 1913,cagliari_calcio,Cagliari Calcio,2,3
2024-10-01,CHAMPIONS,2024-25,vfb_stuttgart,VfB Stuttgart,ac_sparta_praha,AC Sparta Praha,1,1
2024-10-01,CHAMPIONS,2024-25,fc_red_bull_salzburg,FC Red Bull Salzburg,stade_brestois_29,Stade Brestois 29,0,4
2024-10-01,CHAMPIONS,2024-25,sk_slovan_bratislava,ŠK Slovan Bratislava,manchester_city_fc,Manchester City FC,0,4
2024-10-01,CHAMPIONS,2024-25,borussia_dortmund,Borussia Dortmund,celtic_fc,Celtic FC,7,1
2024-10-01,CHAMPIONS,2024-25,fc_barcelona,FC Barcelona,bsc_young_boys,BSC Young Boys,5,0
2024-10-01,CHAMPIONS,2024-25,fc_internazionale_milano,FC Internazionale Milano,fk_crvena_zvezda,FK Crvena Zvezda,4,0
2024-10-01,CHAMPIONS,2024-25,bayer_04_leverkusen,Bayer 04 Leverkusen,ac_milan,AC Milan,1,0
2024-10-01,CHAMPIONS,2024-25,arsenal_fc,Arsenal FC,paris_saint_germain_fc,Paris Saint-Germain FC,2,0
2024-10-01,CHAMPIONS,2024-25,psv,PSV,sporting_clube_de_portugal,Sporting Clube de Portugal,1,1
2024-10-02,CHAMPIONS,2024-25,girona_fc,Girona FC,feyenoord_rotterdam,Feyenoord Rotterdam,2,3
2024-10-02,CHAMPIONS,2024-25,fk_shakhtar_donetsk,FK Shakhtar Donetsk,atalanta_bc,Atalanta BC,0,3
2024-10-02,CHAMPIONS,2024-25,aston_villa_fc,Aston Villa FC,fc_bayern_munchen,FC Bayern München,1,0
2024-10-02,CHAMPIONS,2024-25,sk_sturm_graz,SK Sturm Graz,club_brugge_kv,Club Brugge KV,0,1
2024-10-02,CHAMPIONS,2024-25,liverpool_fc,Liverpool FC,bologna_fc_1909,Bologna FC 1909,2,0
2024-10-02,CHAMPIONS,2024-25,rb_leipzig,RB Leipzig,juventus_fc,Juventus FC,2,3
2024-10-02,CHAMPIONS,2024-25,sport_lisboa_e_benfica,Sport Lisboa e Benfica,club_atletico_de_madrid,Club Atlético de Madrid,4,0
2024-10-02,CHAMPIONS,2024-25,gnk_dinamo_zagreb,GNK Dinamo Zagreb,as_monaco_fc,AS Monaco FC,2,2
2024-10-02,CHAMPIONS,2024-25,lille_osc,Lille OSC,real_madrid_cf,Real Madrid CF,1,0
2024-10-04,LALIGA,2024-25,cd_leganes,CD Leganés,valencia_cf,Valencia CF,0,0
2024-10-04,SERIEA,2024-25,ssc_napoli,SSC Napoli,como_1907,Como 1907,3,1
2024-10-04,SERIEA,2024-25,hellas_verona_fc,Hellas Verona FC,venezia_fc,Venezia FC,2,1
2024-10-05,LALIGA,2024-25,rcd_espanyol_de_barcelona,RCD Espanyol de Barcelona,rcd_mallorca,RCD Mallorca,2,1
2024-10-05,LALIGA,2024-25,getafe_cf,Getafe CF,ca_osasuna,CA Osasuna,1,1
2024-10-05,LALIGA,2024-25,real_valladolid_cf,Real Valladolid CF,rayo_vallecano_de_madrid,Rayo Vallecano de Madrid,1,2
2024-10-05,LALIGA,2024-25,ud_las_palmas,UD Las Palmas,rc_celta_de_vigo,RC Celta de Vigo,0,1
2024-10-05,LALIGA,2024-25,real_madrid_cf,Real Madrid CF,villarreal_cf,Villarreal CF,2,0
2024-10-05,PREMIER,2024-25,crystal_palace_fc,Crystal Palace FC,liverpool_fc,Liverpool FC,0,1
2024-10-05,PREMIER,2024-25,arsenal_fc,Arsenal FC,southampton_fc,Southampton FC,3,1
2024-10-05,PREMIER,2024-25,brentford_fc,Brentford FC,wolverhampton_wanderers_fc,Wolverhampton Wanderers FC,5,3
2024-10-05,PREMIER,2024-25,leicester_city_fc,Leicester City FC,afc_bournemouth,AFC Bournemouth,1,0
2024-10-05,PREMIER,2024-25,manchester_city_fc,Manchester City FC,fulham_fc,Fulham FC,3,2
2024-10-05,PREMIER,2024-25,west_ham_united_fc,West Ham United FC,ipswich_town_fc,Ipswich Town FC,4,1
2024-10-05,PREMIER,2024-25,everton_fc,Everton FC,newcastle_united_fc,Newcastle United FC,0,0
2024-10-05,SERIEA,2024-25,udinese_calcio,Udinese Calcio,us_lecce,US Lecce,1,0
2024-10-05,SERIEA,2024-25,atalanta_bc,Atalanta BC,genoa_cfc,Genoa CFC,5,1
2024-10-05,SERIEA,2024-25,fc_internazionale_milano,FC Internazionale Milano,torino_fc,Torino FC,3,2
2024-10-06,LALIGA,2024-25,girona_fc,Girona FC,athletic_club,Athletic Club,2,1
2024-10-06,LALIGA,2024-25,deportivo_alaves,Deportivo Alavés,fc_barcelona,FC Barcelona,0,3
2024-10-06,LALIGA,2024-25,sevilla_fc,Sevilla FC,real_betis_balompie,Real Betis Balompié,1,0
2024-10-06,LALIGA,2024-25,real_sociedad_de_futbol,Real Sociedad de Fútbol,club_atletico_de_madrid,Club Atlético de Madrid,1,1
2024-10-06,PREMIER,2024-25,aston_villa_fc,Aston Villa FC,manchester_united_fc,Manchester United FC,0,0
2024-10-06,PREMIER,2024-25,chelsea_fc,Chelsea FC,nottingham_forest_fc,Nottingham Forest FC,1,1
2024-10-06,PREMIER,2024-25,brighton_hove_albion_fc,Brighton & Hove Albion FC,tottenham_hotspur_fc,Tottenham Hotspur FC,3,2
2024-10-06,SERIEA,2024-25,juventus_fc,Juventus FC,cagliari_calcio,Cagliari Calcio,1,1
2024-10-06,SERIEA,2024-25,bologna_fc_1909,Bologna FC 1909,parma_calcio_1913,Parma Calcio 1913,0,0
2024-10-06,SERIEA,2024-25,ss_lazio,SS Lazio,empoli_fc,Empoli FC,2,1
2024-10-06,SERIEA,2024-25,ac_monza,AC Monza,as_roma,AS Roma,1,1
2024-10-06,SERIEA,2024-25,acf_fiorentina,ACF Fiorentina,ac_milan,AC Milan,2,1
2024-10-18,LALIGA,2024-25,deportivo_alaves,Deportivo Alavés,real_valladolid_cf,Real Valladolid CF,2,3
2024-10-19,LALIGA,2024-25,athletic_club,Athletic Club,rcd_espanyol_de_barcelona,RCD Espanyol de Barcelona,4,1
2024-10-19,LALIGA,2024-25,ca_osasuna,CA Osasuna,real_betis_balompie,Real Betis Balompié,1,2
2024-10-19,LALIGA,2024-25,girona_fc,Girona FC,real_sociedad_de_futbol,Real Sociedad de Fútbol,0,1
2024-10-19,LALIGA,2024-25,rc_celta_de_vigo,RC Celta de Vigo,real_madrid_cf,Real Madrid CF,1,2
2024-10-19,PREMIER,2024-25,tottenham_hotspur_fc,Tottenham Hotspur FC,west_ham_united_fc,West Ham United FC,4,1
2024-10-19,PREMIER,2024-25,fulham_fc,Fulham FC,aston_villa_fc,Aston Villa FC,1,3
2024-10-19,PREMIER,2024-25,ipswich_town_fc,Ipswich Town FC,everton_fc,Everton FC,0,2
2024-10-19,PREMIER,2024-25,manchester_united_fc,Manchester United FC,brentford_fc,Brentford FC,2,1
2024-10-19,PREMIER,2024-25,newcastle_united_fc,Newcastle United FC,brighton_hove_albion_fc,Brighton & Hove Albion FC,0,1
2024-10-19,PREMIER,2024-25,southampton_fc,Southampton FC,leicester_city_fc,Leicester City FC,2,3
2024-10-19,PREMIER,2024-25,afc_bournemouth,AFC Bournemouth,arsenal_fc,Arsenal FC,2,0
2024-10-19,SERIEA,2024-25,como_1907,Como 1907,parma_calcio_1913,Parma Calcio 1913,1,1
2024-10-19,SERIEA,2024-25,genoa_cfc,Genoa CFC,bologna_fc_1909,Bologna FC 1909,2,2
2024-10-19,SERIEA,2024-25,ac_milan,AC Milan,udinese_calcio,Udinese Calcio,1,0
2024-10-19,SERIEA,2024-25,juventus_fc,Juventus FC,ss_lazio,SS Lazio,1,0
2024-10-20,LALIGA,2024-25,rcd_mallorca,RCD Mallorca,rayo_vallecano_de_madrid,Rayo Vallecano de Madrid,1,0
2024-10-20,LALIGA,2024-25,club_atletico_de_madrid,Club Atlético de Madrid,cd_leganes,CD Leganés,3,1
2024-10-20,LALIGA,2024-25,villarreal_cf,Villarreal CF,getafe_cf,Getafe CF,1,1
2024-10-20,LALIGA,2024-25,fc_barcelona,FC Barcelona,sevilla_fc,Sevilla FC,5,1
2024-10-20,PREMIER,2024-25,wolverhampton_wanderers_fc,Wolverhampton Wanderers FC,manchester_city_fc,Manchester City FC,1,2
2024-10-20,PREMIER,2024-25,liverpool_fc,Liverpool FC,chelsea_fc,Chelsea FC,2,1
2024-10-20,SERIEA,2024-25,empoli_fc,Empoli FC,ssc_napoli,SSC Napoli,0,1
2024-10-20,SERIEA,2024-25,us_lecce,US Lecce,acf_fiorentina,ACF Fiorentina,0,6
2024-10-20,SERIEA,2024-25,venezia_fc,Venezia FC,atalanta_bc,Atalanta BC,0,2
2024-10-20,SERIEA,2024-25,cagliari_calcio,Cagliari Calcio,torino_fc,Torino FC,3,2
2024-10-20,SERIEA,2024-25,as_roma,AS Roma,fc_internazionale_milano,FC Internazionale Milano,0,1
2024-10-21,LALIGA,2024-25,valencia_cf,Valencia CF,ud_las_palmas,UD Las Palmas,2,3
2024-10-21,PREMIER,2024-25,nottingham_forest_fc,Nottingham Forest FC,crystal_palace_fc,Crystal Palace FC,1,0
2024-10-21,SERIEA,2024-25,hellas_verona_fc,Hellas Verona FC,ac_monza,AC Monza,0,3
2024-10-22,CHAMPIONS,2024-25,as_monaco_fc,AS Monaco FC,fk_crvena_zvezda,FK Crvena Zvezda,5,1
2024-10-22,CHAMPIONS,2024-25,ac_milan,AC Milan,club_brugge_kv,Club Brugge KV,3,1
2024-10-22,CHAMPIONS,2024-25,aston_villa_fc,Aston Villa FC,bologna_fc_1909,Bologna FC 1909,2,0
2024-10-22,CHAMPIONS,2024-25,girona_fc,Girona FC,sk_slovan_bratislava,ŠK Slovan Bratislava,2,0
2024-10-22,CHAMPIONS,2024-25,sk_sturm_graz,SK Sturm Graz,sporting_clube_de_portugal,Sporting Clube de Portugal,0,2
2024-10-22,CHAMPIONS,2024-25,paris_saint_germain_fc,Paris Saint-Germain FC,psv,PSV,1,1
2024-10-22,CHAMPIONS,2024-25,real_madrid_cf,Real Madrid CF,borussia_dortmund,Borussia Dortmund,5,2
2024-10-22,CHAMPIONS,2024-25,arsenal_fc,Arsenal FC,fk_shakhtar_donetsk,FK Shakhtar Donetsk,1,0
2024-10-22,CHAMPIONS,2024-25,juventus_fc,Juventus FC,vfb_stuttgart,VfB Stuttgart,0,1
2024-10-23,CHAMPIONS,2024-25,stade_brestois_29,Stade Brestois 29,bayer_04_leverkusen,Bayer 04 Leverkusen,1,1
2024-10-23,CHAMPIONS,2024-25,atalanta_bc,Atalanta BC,celtic_fc,Celtic FC,0,0
2024-10-23,CHAMPIONS,2024-25,bsc_young_boys,BSC Young Boys,fc_internazionale_milano,FC Internazionale Milano,0,1
2024-10-23,CHAMPIONS,2024-25,fc_barcelona,FC Barcelona,fc_bayern_munchen,FC Bayern München,4,1
2024-10-23,CHAMPIONS,2024-25,manchester_city_fc,Manchester City FC,ac_sparta_praha,AC Sparta Praha,5,0
2024-10-23,CHAMPIONS,2024-25,rb_leipzig,RB Leipzig,liverpool_fc,Liverpool FC,0,1
2024-10-23,CHAMPIONS,2024-25,club_atletico_de_madrid,Club Atlético de Madrid,lille_osc,Lille OSC,1,3
2024-10-23,CHAMPIONS,2024-25,sport_lisboa_e_benfica,Sport Lisboa e Benfica,feyenoord_rotterdam,Feyenoord Rotterdam,1,3
2024-10-23,CHAMPIONS,2024-25,fc_red_bull_salzburg,FC Red Bull Salzburg,gnk_dinamo_zagreb,GNK Dinamo Zagreb,0,2
2024-10-25,LALIGA,2024-25,rcd_espanyol_de_barcelona,RCD Espanyol de Barcelona,sevilla_fc,Sevilla FC,0,2
2024-10-25,PREMIER,2024-25,leicester_city_fc,Leicester City FC,nottingham_forest_fc,Nottingham Forest FC,1,3
2024-10-25,SERIEA,2024-25,udinese_calcio,Udinese Calcio,cagliari_calcio,Cagliari Calcio,2,0
2024-10-25,SERIEA,2024-25,torino_fc,Torino FC,como_1907,Como 1907,1,0
2024-10-26,LALIGA,2024-25,real_valladolid_cf,Real Valladolid CF,villarreal_cf,Villarreal CF,1,2
2024-10-26,LALIGA,2024-25,rayo_vallecano_de_madrid,Rayo Vallecano de Madrid,deportivo_alaves,Deportivo Alavés,1,0
2024-10-26,LALIGA,2024-25,ud_las_palmas,UD Las Palmas,girona_fc,Girona FC,1,0
2024-10-26,LALIGA,2024-25,real_madrid_cf,Real Madrid CF,fc_barcelona,FC Barcelona,0,4
2024-10-26,PREMIER,2024-25,aston_villa_fc,Aston Villa FC,afc_bournemouth,AFC Bournemouth,1,1
2024-10-26,PREMIER,2024-25,brentford_fc,Brentford FC,ipswich_town_fc,Ipswich Town FC,4,3
2024-10-26,PREMIER,2024-25,brighton_hove_albion_fc,Brighton & Hove Albion FC,wolverhampton_wanderers_fc,Wolverhampton Wanderers FC,2,2
2024-10-26,PREMIER,2024-25,manchester_city_fc,Manchester City FC,southampton_fc,Southampton FC,1,0
2024-10-26,PREMIER,2024-25,everton_fc,Everton FC,fulham_fc,Fulham FC,1,1
2024-10-26,SERIEA,2024-25,ssc_napoli,SSC Napoli,us_lecce,US Lecce,1,0
2024-10-26,SERIEA,2024-25,atalanta_bc,Atalanta BC,hellas_verona_fc,Hellas Verona FC,6,1
2024-10-27,LALIGA,2024-25,cd_leganes,CD Leganés,rc_celta_de_vigo,RC Celta de Vigo,3,0
2024-10-27,LALIGA,2024-25,getafe_cf,Getafe CF,valencia_cf,Valencia CF,1,1
2024-10-27,LALIGA,2024-25,real_betis_balompie,Real Betis Balompié,club_atletico_de_madrid,Club Atlético de Madrid,1,0
2024-10-27,LALIGA,2024-25,real_sociedad_de_futbol,Real Sociedad de Fútbol,ca_osasuna,CA Osasuna,0,2
2024-10-27,PREMIER,2024-25,chelsea_fc,Chelsea FC,newcastle_united_fc,Newcastle United FC,2,1
2024-10-27,PREMIER,2024-25,crystal_palace_fc,Crystal Palace FC,tottenham_hotspur_fc,Tottenham Hotspur FC,1,0
2024-10-27,PREMIER,2024-25,west_ham_united_fc,West Ham United FC,manchester_united_fc,Manchester United FC,2,1
2024-10-27,PREMIER,2024-25,arsenal_fc,Arsenal FC,liverpool_fc,Liverpool FC,2,2
2024-10-27,SERIEA,2024-25,parma_calcio_1913,Parma Calcio 1913,empoli_fc,Empoli FC,1,1
2024-10-27,SERIEA,2024-25,ss_lazio,SS Lazio,genoa_cfc,Genoa CFC,3,0
2024-10-27,SERIEA,2024-25,ac_monza,AC Monza,venezia_fc,Venezia FC,2,2
2024-10-27,SERIEA,2024-25,fc_internazionale_milano,FC Internazionale Milano,juventus_fc,Juventus FC,4,4
2024-10-27,SERIEA,2024-25,acf_fiorentina,ACF Fiorentina,as_roma,AS Roma,5,1
2024-10-28,LALIGA,2024-25,rcd_mallorca,RCD Mallorca,athletic_club,Athletic Club,0,0
2024-10-29,SERIEA,2024-25,cagliari_calcio,Cagliari Calcio,bologna_fc_1909,Bologna FC 1909,0,2
2024-10-29,SERIEA,2024-25,us_lecce,US Lecce,hellas_verona_fc,Hellas Verona FC,1,0
2024-10-29,SERIEA,2024-25,ac_milan,AC Milan,ssc_napoli,SSC Napoli,0,2
2024-10-30,SERIEA,2024-25,empoli_fc,Empoli FC,fc_internazionale_milano,FC Internazionale Milano,0,3
2024-10-30,SERIEA,2024-25,venezia_fc,Venezia FC,udinese_calcio,Udinese Calcio,3,2
2024-10-30,SERIEA,2024-25,atalanta_bc,Atalanta BC,ac_monza,AC Monza,2,0
2024-10-30,SERIEA,2024-25,juventus_fc,Juventus FC,parma_calcio_1913,Parma Calcio 1913,2,2
2024-10-31,SERIEA,2024-25,genoa_cfc,Genoa CFC,acf_fiorentina,ACF Fiorentina,0,1
2024-10-31,SERIEA,2024-25,como_1907,Como 1907,ss_lazio,SS Lazio,1,5
2024-10-31,SERIEA,2024-25,as_roma,AS Roma,torino_fc,Torino FC,1,0
2024-11-01,LALIGA,2024-25,deportivo_alaves,Deportivo Alavés,rcd_mallorca,RCD Mallorca,1,0
2024-11-02,LALIGA,2024-25,ca_osasuna,CA Osasuna,real_valladolid_cf,Real Valladolid CF,1,0
2024-11-02,LALIGA,2024-25,girona_fc,Girona FC,cd_leganes,CD Leganés,4,3
2024-11-02,PREMIER,2024-25,newcastle_united_fc,Newcastle United FC,arsenal_fc,Arsenal FC,1,0
2024-11-02,PREMIER,2024-25,afc_bournemouth,AFC Bournemouth,manchester_city_fc,Manchester City FC,2,1
2024-11-02,PREMIER,2024-25,ipswich_town_fc,Ipswich Town FC,leicester_city_fc,Leicester City FC,1,1
2024-11-02,PREMIER,2024-25,liverpool_fc,Liverpool FC,brighton_hove_albion_fc,Brighton & Hove Albion FC,2,1
2024-11-02,PREMIER,2024-25,nottingham_forest_fc,Nottingham Forest FC,west_ham_united_fc,West Ham United FC,3,0
2024-11-02,PREMIER,2024-25,southampton_fc,Southampton FC,everton_fc,Everton FC,1,0
2024-11-02,PREMIER,2024-25,wolverhampton_wanderers_fc,Wolverhampton Wanderers FC,crystal_palace_fc,Crystal Palace FC,2,2
2024-11-02,SERIEA,2024-25,bologna_fc_1909,Bologna FC 1909,us_lecce,US Lecce,1,0
2024-11-02,SERIEA,2024-25,udinese_calcio,Udinese Calcio,juventus_fc,Juventus FC,0,2
2024-11-02,SERIEA,2024-25,ac_monza,AC Monza,ac_milan,AC Milan,0,1
2024-11-03,LALIGA,2024-25,club_atletico_de_madrid,Club Atlético de Madrid,ud_las_palmas,UD Las Palmas,2,0
2024-11-03,LALIGA,2024-25,fc_barcelona,FC Barcelona,rcd_espanyol_de_barcelona,RCD Espanyol de Barcelona,3,1
2024-11-03,LALIGA,2024-25,sevilla_fc,Sevilla FC,real_sociedad_de_futbol,Real Sociedad de Fútbol,0,2
2024-11-03,LALIGA,2024-25,athletic_club,Athletic Club,real_betis_balompie,Real Betis Balompié,1,1
2024-11-03,PREMIER,2024-25,tottenham_hotspur_fc,Tottenham Hotspur FC,aston_villa_fc,Aston Villa FC,4,1
2024-11-03,PREMIER,2024-25,manchester_united_fc,Manchester United FC,chelsea_fc,Chelsea FC,1,1
2024-11-03,SERIEA,2024-25,ssc_napoli,SSC Napoli,atalanta_bc,Atalanta BC,0,3
2024-11-03,SERIEA,2024-25,torino_fc,Torino FC,acf_fiorentina,ACF Fiorentina,0,1
2024-11-03,SERIEA,2024-25,hellas_verona_fc,Hellas Verona FC,as_roma,AS Roma,3,2
2024-11-03,SERIEA,2024-25,fc_internazionale_milano,FC Internazionale Milano,venezia_fc,Venezia FC,1,0
2024-11-04,LALIGA,2024-25,rc_celta_de_vigo,RC Celta de Vigo,getafe_cf,Getafe CF,1,0
2024-11-04,PREMIER,2024-25,fulham_fc,Fulham FC,brentford_fc,Brentford FC,2,1
2024-11-04,SERIEA,2024-25,empoli_fc,Empoli FC,como_1907,Como 1907,1,0
2024-11-04,SERIEA,2024-25,parma_calcio_1913,Parma Calcio 1913,genoa_cfc,Genoa CFC,0,1
2024-11-04,SERIEA,2024-25,ss_lazio,SS Lazio,cagliari_calcio,Cagliari Calcio,2,1
2024-11-05,CHAMPIONS,2024-25,sk_slovan_bratislava,ŠK Slovan Bratislava,gnk_dinamo_zagreb,GNK Dinamo Zagreb,1,4
2024-11-05,CHAMPIONS,2024-25,psv,PSV,girona_fc,Girona FC,4,0
2024-11-05,CHAMPIONS,2024-25,sporting_clube_de_portugal,Sporting Clube de Portugal,manchester_city_fc,Manchester City FC,4,1
2024-11-05,CHAMPIONS,2024-25,bologna_fc_1909,Bologna FC 1909,as_monaco_fc,AS Monaco FC,0,1
2024-11-05,CHAMPIONS,2024-25,borussia_dortmund,Borussia Dortmund,sk_sturm_graz,SK Sturm Graz,1,0
2024-11-05,CHAMPIONS,2024-25,liverpool_fc,Liverpool FC,bayer_04_leverkusen,Bayer 04 Leverkusen,4,0
2024-11-05,CHAMPIONS,2024-25,real_madrid_cf,Real Madrid CF,ac_milan,AC Milan,1,3
2024-11-05,CHAMPIONS,2024-25,celtic_fc,Celtic FC,rb_leipzig,RB Leipzig,3,1
2024-11-05,CHAMPIONS,2024-25,lille_osc,Lille OSC,juventus_fc,Juventus FC,1,1
2024-11-06,CHAMPIONS,2024-25,club_brugge_kv,Club Brugge KV,aston_villa_fc,Aston Villa FC,1,0
2024-11-06,CHAMPIONS,2024-25,fk_shakhtar_donetsk,FK Shakhtar Donetsk,bsc_young_boys,BSC Young Boys,2,1
2024-11-06,CHAMPIONS,2024-25,ac_sparta_praha,AC Sparta Praha,stade_brestois_29,Stade Brestois 29,1,2
2024-11-06,CHAMPIONS,2024-25,vfb_stuttgart,VfB Stuttgart,atalanta_bc,Atalanta BC,0,2
2024-11-06,CHAMPIONS,2024-25,fc_internazionale_milano,FC Internazionale Milano,arsenal_fc,Arsenal FC,1,0
2024-11-06,CHAMPIONS,2024-25,paris_saint_germain_fc,Paris Saint-Germain FC,club_atletico_de_madrid,Club Atlético de Madrid,1,2
2024-11-06,CHAMPIONS,2024-25,feyenoord_rotterdam,Feyenoord Rotterdam,fc_red_bull_salzburg,FC Red Bull Salzburg,1,3
2024-11-06,CHAMPIONS,2024-25,fk_crvena_zvezda,FK Crvena Zvezda,fc_barcelona,FC Barcelona,2,5
2024-11-06,CHAMPIONS,2024-25,fc_bayern_munchen,FC Bayern München,sport_lisboa_e_benfica,Sport Lisboa e Benfica,1,0
2024-11-07,SERIEA,2024-25,genoa_cfc,Genoa CFC,como_1907,Como 1907,1,1
2024-11-08,LALIGA,2024-25,rayo_vallecano_de_madrid,Rayo Vallecano de Madrid,ud_las_palmas,UD Las Palmas,1,3
2024-11-08,SERIEA,2024-25,us_lecce,US Lecce,empoli_fc,Empoli FC,1,1
2024-11-09,LALIGA,2024-25,real_madrid_cf,Real Madrid CF,ca_osasuna,CA Osasuna,4,0
2024-11-09,LALIGA,2024-25,villarreal_cf,Villarreal CF,deportivo_alaves,Deportivo Alavés,3,0
2024-11-09,LALIGA,2024-25,cd_leganes,CD Leganés,sevilla_fc,Sevilla FC,1,0
2024-11-09,PREMIER,2024-25,brentford_fc,Brentford FC,afc_bournemouth,AFC Bournemouth,3,2
2024-11-09,PREMIER,2024-25,crystal_palace_fc,Crystal Palace FC,fulham_fc,Fulham FC,0,2
2024-11-09,PREMIER,2024-25,west_ham_united_fc,West Ham United FC,everton_fc,Everton FC,0,0
2024-11-09,PREMIER,2024-25,wolverhampton_wanderers_fc,Wolverhampton Wanderers FC,southampton_fc,Southampton FC,2,0
2024-11-09,PREMIER,2024-25,brighton_hove_albion_fc,Brighton & Hove Albion FC,manchester_city_fc,Manchester City FC,2,1
2024-11-09,PREMIER,2024-25,liverpool_fc,Liverpool FC,aston_villa_fc,Aston Villa FC,2,0
2024-11-09,SERIEA,2024-25,venezia_fc,Venezia FC,parma_calcio_1913,Parma Calcio 1913,1,2
2024-11-09,SERIEA,2024-25,cagliari_calcio,Cagliari Calcio,ac_milan,AC Milan,3,3
2024-11-09,SERIEA,2024-25,juventus_fc,Juventus FC,torino_fc,Torino FC,2,0
2024-11-10,LALIGA,2024-25,real_betis_balompie,Real Betis Balompié,rc_celta_de_vigo,RC Celta de Vigo,2,2
2024-11-10,LALIGA,2024-25,rcd_mallorca,RCD Mallorca,club_atletico_de_madrid,Club Atlético de Madrid,0,1
2024-11-10,LALIGA,2024-25,getafe_cf,Getafe CF,girona_fc,Girona FC,0,1
2024-11-10,LALIGA,2024-25,real_valladolid_cf,Real Valladolid CF,athletic_club,Athletic Club,1,1
2024-11-10,LALIGA,2024-25,real_sociedad_de_futbol,Real Sociedad de Fútbol,fc_barcelona,FC Barcelona,1,0
2024-11-10,PREMIER,2024-25,manchester_united_fc,Manchester United FC,leicester_city_fc,Leicester City FC,3,0
2024-11-10,PREMIER,2024-25,nottingham_forest_fc,Nottingham Forest FC,newcastle_united_fc,Newcastle United FC,1,3
2024-11-10,PREMIER,2024-25,tottenham_hotspur_fc,Tottenham Hotspur FC,ipswich_town_fc,Ipswich Town FC,1,2
2024-11-10,PREMIER,2024-25,chelsea_fc,Chelsea FC,arsenal_fc,Arsenal FC,1,1
2024-11-10,SERIEA,2024-25,atalanta_bc,Atalanta BC,udinese_calcio,Udinese Calcio,2,1
2024-11-10,SERIEA,2024-25,acf_fiorentina,ACF Fiorentina,hellas_verona_fc,Hellas Verona FC,3,1
2024-11-10,SERIEA,2024-25,as_roma,AS Roma,bologna_fc_1909,Bologna FC 1909,2,3
2024-11-10,SERIEA,2024-25,ac_monza,AC Monza,ss_lazio,SS Lazio,0,1
2024-11-10,SERIEA,2024-25,fc_internazionale_milano,FC Internazionale Milano,ssc_napoli,SSC Napoli,1,1
2024-11-22,LALIGA,2024-25,getafe_cf,Getafe CF,real_valladolid_cf,Real Valladolid CF,2,0
2024-11-23,LALIGA,2024-25,valencia_cf,Valencia CF,real_betis_balompie,Real Betis Balompié,4,2
2024-11-23,LALIGA,2024-25,club_atletico_de_madrid,Club Atlético de Madrid,deportivo_alaves,Deportivo Alavés,2,1
2024-11-23,LALIGA,2024-25,ud_las_palmas,UD Las Palmas,rcd_mallorca,RCD Mallorca,2,3
2024-11-23,LALIGA,2024-25,girona_fc,Girona FC,rcd_espanyol_de_barcelona,RCD Espanyol de Barcelona,4,1
2024-11-23,LALIGA,2024-25,rc_celta_de_vigo,RC Celta de Vigo,fc_barcelona,FC Barcelona,2,2
2024-11-23,PREMIER,2024-25,leicester_city_fc,Leicester City FC,chelsea_fc,Chelsea FC,1,2
2024-11-23,PREMIER,2024-25,afc_bournemouth,AFC Bournemouth,brighton_hove_albion_fc,Brighton & Hove Albion FC,1,2
2024-11-23,PREMIER,2024-25,arsenal_fc,Arsenal FC,nottingham_forest_fc,Nottingham Forest FC,3,0
2024-11-23,PREMIER,2024-25,aston_villa_fc,Aston Villa FC,crystal_palace_fc,Crystal Palace FC,2,2
2024-11-23,PREMIER,2024-25,everton_fc,Everton FC,brentford_fc,Brentford FC,0,0
2024-11-23,PREMIER,2024-25,fulham_fc,Fulham FC,wolverhampton_wanderers_fc,Wolverhampton Wanderers FC,1,4
2024-11-23,PREMIER,2024-25,manchester_city_fc,Manchester City FC,tottenham_hotspur_fc,Tottenham Hotspur FC,0,4
2024-11-23,SERIEA,2024-25,hellas_verona_fc,Hellas Verona FC,fc_internazionale_milano,FC Internazionale Milano,0,5
2024-11-23,SERIEA,2024-25,ac_milan,AC Milan,juventus_fc,Juventus FC,0,0
2024-11-23,SERIEA,2024-25,parma_calcio_1913,Parma Calcio 1913,atalanta_bc,Atalanta BC,1,3
2024-11-24,LALIGA,2024-25,ca_osasuna,CA Osasuna,villarreal_cf,Villarreal CF,2,2
2024-11-24,LALIGA,2024-25,sevilla_fc,Sevilla FC,rayo_vallecano_de_madrid,Rayo Vallecano de Madrid,1,0
2024-11-24,LALIGA,2024-25,cd_leganes,CD Leganés,real_madrid_cf,Real Madrid CF,0,3
2024-11-24,LALIGA,2024-25,athletic_club,Athletic Club,real_sociedad_de_futbol,Real Sociedad de Fútbol,1,0
2024-11-24,PREMIER,2024-25,southampton_fc,Southampton FC,liverpool_fc,Liverpool FC,2,3
2024-11-24,PREMIER,2024-25,ipswich_town_fc,Ipswich Town FC,manchester_united_fc,Manchester United FC,1,1
2024-11-24,SERIEA,2024-25,genoa_cfc,Genoa CFC,cagliari_calcio,Cagliari Calcio,2,2
2024-11-24,SERIEA,2024-25,como_1907,Como 1907,acf_fiorentina,ACF Fiorentina,0,2
2024-11-24,SERIEA,2024-25,torino_fc,Torino FC,ac_monza,AC Monza,1,1
2024-11-24,SERIEA,2024-25,ssc_napoli,SSC Napoli,as_roma,AS Roma,1,0
2024-11-24,SERIEA,2024-25,ss_lazio,SS Lazio,bologna_fc_1909,Bologna FC 1909,3,0
2024-11-25,PREMIER,2024-25,newcastle_united_fc,Newcastle United FC,west_ham_united_fc,West Ham United FC,0,2
2024-11-25,SERIEA,2024-25,empoli_fc,Empoli FC,udinese_calcio,Udinese Calcio,1,1
2024-11-25,SERIEA,2024-25,venezia_fc,Venezia FC,us_lecce,US Lecce,0,1
2024-11-26,CHAMPIONS,2024-25,sk_slovan_bratislava,ŠK Slovan Bratislava,ac_milan,AC Milan,2,3
2024-11-26,CHAMPIONS,2024-25,ac_sparta_praha,AC Sparta Praha,club_atletico_de_madrid,Club Atlético de Madrid,0,6
2024-11-26,CHAMPIONS,2024-25,sporting_clube_de_portugal,Sporting Clube de Portugal,arsenal_fc,Arsenal FC,1,5
2024-11-26,CHAMPIONS,2024-25,bsc_young_boys,BSC Young Boys,atalanta_bc,Atalanta BC,1,6
2024-11-26,CHAMPIONS,2024-25,fc_bayern_munchen,FC Bayern München,paris_saint_germain_fc,Paris Saint-Germain FC,1,0
2024-11-26,CHAMPIONS,2024-25,fc_barcelona,FC Barcelona,stade_brestois_29,Stade Brestois 29,3,0
2024-11-26,CHAMPIONS,2024-25,fc_internazionale_milano,FC Internazionale Milano,rb_leipzig,RB Leipzig,1,0
2024-11-26,CHAMPIONS,2024-25,manchester_city_fc,Manchester City FC,feyenoord_rotterdam,Feyenoord Rotterdam,3,3
2024-11-26,CHAMPIONS,2024-25,bayer_04_leverkusen,Bayer 04 Leverkusen,fc_red_bull_salzburg,FC Red Bull Salzburg,5,0
2024-11-27,CHAMPIONS,2024-25,sk_sturm_graz,SK Sturm Graz,girona_fc,Girona FC,1,0
2024-11-27,CHAMPIONS,2024-25,fk_crvena_zvezda,FK Crvena Zvezda,vfb_stuttgart,VfB Stuttgart,5,1
2024-11-27,CHAMPIONS,2024-25,as_monaco_fc,AS Monaco FC,sport_lisboa_e_benfica,Sport Lisboa e Benfica,2,3
2024-11-27,CHAMPIONS,2024-25,aston_villa_fc,Aston Villa FC,juventus_fc,Juventus FC,0,0
2024-11-27,CHAMPIONS,2024-25,bologna_fc_1909,Bologna FC 1909,lille_osc,Lille OSC,1,2
2024-11-27,CHAMPIONS,2024-25,liverpool_fc,Liverpool FC,real_madrid_cf,Real Madrid CF,2,0
2024-11-27,CHAMPIONS,2024-25,celtic_fc,Celtic FC,club_brugge_kv,Club Brugge KV,1,1
2024-11-27,CHAMPIONS,2024-25,gnk_dinamo_zagreb,GNK Dinamo Zagreb,borussia_dortmund,Borussia Dortmund,0,3
2024-11-27,CHAMPIONS,2024-25,psv,PSV,fk_shakhtar_donetsk,FK Shakhtar Donetsk,3,2
2024-11-29,LALIGA,2024-25,rcd_mallorca,RCD Mallorca,valencia_cf,Valencia CF,2,1
2024-11-29,PREMIER,2024-25,brighton_hove_albion_fc,Brighton & Hove Albion FC,southampton_fc,Southampton FC,1,1
2024-11-29,SERIEA,2024-25,cagliari_calcio,Cagliari Calcio,hellas_verona_fc,Hellas Verona FC,1,0
2024-11-30,LALIGA,2024-25,fc_barcelona,FC Barcelona,ud_las_palmas,UD Las Palmas,1,2
2024-11-30,LALIGA,2024-25,deportivo_alaves,Deportivo Alavés,cd_leganes,CD Leganés,1,1
2024-11-30,LALIGA,2024-25,rcd_espanyol_de_barcelona,RCD Espanyol de Barcelona,rc_celta_de_vigo,RC Celta de Vigo,3,1
2024-11-30,LALIGA,2024-25,real_valladolid_cf,Real Valladolid CF,club_atletico_de_madrid,Club Atlético de Madrid,0,5
2024-11-30,PREMIER,2024-25,brentford_fc,Brentford FC,leicester_city_fc,Leicester City FC,4,1
2024-11-30,PREMIER,2024-25,crystal_palace_fc,Crystal Palace FC,newcastle_united_fc,Newcastle United FC,1,1
2024-11-30,PREMIER,2024-25,nottingham_forest_fc,Nottingham Forest FC,ipswich_town_fc,Ipswich Town FC,1,0
2024-11-30,PREMIER,2024-25,wolverhampton_wanderers_fc,Wolverhampton Wanderers FC,afc_bournemouth,AFC Bournemouth,2,4
2024-11-30,PREMIER,2024-25,west_ham_united_fc,West Ham United FC,arsenal_fc,Arsenal FC,2,5
2024-11-30,SERIEA,2024-25,como_1907,Como 1907,ac_monza,AC Monza,1,1
2024-11-30,SERIEA,2024-25,ac_milan,AC Milan,empoli_fc,Empoli FC,3,0
2024-11-30,SERIEA,2024-25,bologna_fc_1909,Bologna FC 1909,venezia_fc,Venezia FC,3,0
2024-12-01,LALIGA,2024-25,villarreal_cf,Villarreal CF,girona_fc,Girona FC,2,2
2024-12-01,LALIGA,2024-25,real_madrid_cf,Real Madrid CF,getafe_cf,Getafe CF,2,0
2024-12-01,LALIGA,2024-25,rayo_vallecano_de_madrid,Rayo Vallecano de Madrid,athletic_club,Athletic Club,1,2
2024-12-01,LALIGA,2024-25,real_sociedad_de_futbol,Real Sociedad de Fútbol,real_betis_balompie,Real Betis Balompié,2,0
2024-12-01,PREMIER,2024-25,chelsea_fc,Chelsea FC,aston_villa_fc,Aston Villa FC,3,0
2024-12-01,PREMIER,2024-25,manchester_united_fc,Manchester United FC,everton_fc,Everton FC,4,0
2024-12-01,PREMIER,2024-25,tottenham_hotspur_fc,Tottenham Hotspur FC,fulham_fc,Fulham FC,1,1
2024-12-01,PREMIER,2024-25,liverpool_fc,Liverpool FC,manchester_city_fc,Manchester City FC,2,0
2024-12-01,SERIEA,2024-25,udinese_calcio,Udinese Calcio,genoa_cfc,Genoa CFC,0,2
2024-12-01,SERIEA,2024-25,parma_calcio_1913,Parma Calcio 1913,ss_lazio,SS Lazio,3,1
2024-12-01,SERIEA,2024-25,torino_fc,Torino FC,ssc_napoli,SSC Napoli,0,1
2024-12-01,SERIEA,2024-25,us_lecce,US Lecce,juventus_fc,Juventus FC,1,1
2024-12-02,LALIGA,2024-25,sevilla_fc,Sevilla FC,ca_osasuna,CA Osasuna,1,1
2024-12-02,SERIEA,2024-25,as_roma,AS Roma,atalanta_bc,Atalanta BC,0,2
2024-12-03,LALIGA,2024-25,rcd_mallorca,RCD Mallorca,fc_barcelona,FC Barcelona,1,5
2024-12-03,PREMIER,2024-25,ipswich_town_fc,Ipswich Town FC,crystal_palace_fc,Crystal Palace FC,0,1
2024-12-03,PREMIER,2024-25,leicester_city_fc,Leicester City FC,west_ham_united_fc,West Ham United FC,3,1
2024-12-04,LALIGA,2024-25,athletic_club,Athletic Club,real_madrid_cf,Real Madrid CF,2,1
2024-12-04,PREMIER,2024-25,everton_fc,Everton FC,wolverhampton_wanderers_fc,Wolverhampton Wanderers FC,4,0
2024-12-04,PREMIER,2024-25,manchester_city_fc,Manchester City FC,nottingham_forest_fc,Nottingham Forest FC,3,0
2024-12-04,PREMIER,2024-25,newcastle_united_fc,Newcastle United FC,liverpool_fc,Liverpool FC,3,3
2024-12-04,PREMIER,2024-25,southampton_fc,Southampton FC,chelsea_fc,Chelsea FC,1,5
2024-12-04,PREMIER,2024-25,arsenal_fc,Arsenal FC,manchester_united_fc,Manchester United FC,2,0
2024-12-04,PREMIER,2024-25,aston_villa_fc,Aston Villa FC,brentford_fc,Brentford FC,3,1
2024-12-05,PREMIER,2024-25,fulham_fc,Fulham FC,brighton_hove_albion_fc,Brighton & Hove Albion FC,3,1
2024-12-05,PREMIER,2024-25,afc_bournemouth,AFC Bournemouth,tottenham_hotspur_fc,Tottenham Hotspur FC,1,0
2024-12-06,LALIGA,2024-25,rc_celta_de_vigo,RC Celta de Vigo,rcd_mallorca,RCD Mallorca,2,0
2024-12-06,SERIEA,2024-25,fc_internazionale_milano,FC Internazionale Milano,parma_calcio_1913,Parma Calcio 1913,3,1
2024-12-06,SERIEA,2024-25,atalanta_bc,Atalanta BC,ac_milan,AC Milan,2,1
2024-12-07,LALIGA,2024-25,ud_las_palmas,UD Las Palmas,real_valladolid_cf,Real Valladolid CF,2,1
2024-12-07,LALIGA,2024-25,real_betis_balompie,Real Betis Balompié,fc_barcelona,FC Barcelona,2,2
2024-12-07,LALIGA,2024-25,valencia_cf,Valencia CF,rayo_vallecano_de_madrid,Rayo Vallecano de Madrid,0,1
2024-12-07,LALIGA,2024-25,girona_fc,Girona FC,real_madrid_cf,Real Madrid CF,0,3
2024-12-07,PREMIER,2024-25,aston_villa_fc,Aston Villa FC,southampton_fc,Southampton FC,1,0
2024-12-07,PREMIER,2024-25,brentford_fc,Brentford FC,newcastle_united_fc,Newcastle United FC,4,2
2024-12-07,PREMIER,2024-25,crystal_palace_fc,Crystal Palace FC,manchester_city_fc,Manchester City FC,2,2
2024-12-07,PREMIER,2024-25,manchester_united_fc,Manchester United FC,nottingham_forest_fc,Nottingham Forest FC,2,3
2024-12-07,SERIEA,2024-25,genoa_cfc,Genoa CFC,torino_fc,Torino FC,0,0
2024-12-07,SERIEA,2024-25,juventus_fc,Juventus FC,bologna_fc_1909,Bologna FC 1909,2,2
2024-12-07,SERIEA,2024-25,as_roma,AS Roma,us_lecce,US Lecce,4,1
2024-12-08,LALIGA,2024-25,cd_leganes,CD Leganés,real_sociedad_de_futbol,Real Sociedad de Fútbol,0,3
2024-12-08,LALIGA,2024-25,athletic_club,Athletic Club,villarreal_cf,Villarreal CF,2,0
2024-12-08,LALIGA,2024-25,ca_osasuna,CA Osasuna,deportivo_alaves,Deportivo Alavés,2,2
2024-12-08,LALIGA,2024-25,club_atletico_de_madrid,Club Atlético de Madrid,sevilla_fc,Sevilla FC,4,3
2024-12-08,PREMIER,2024-25,fulham_fc,Fulham FC,arsenal_fc,Arsenal FC,1,1
2024-12-08,PREMIER,2024-25,ipswich_town_fc,Ipswich Town FC,afc_bournemouth,AFC Bournemouth,1,2
2024-12-08,PREMIER,2024-25,leicester_city_fc,Leicester City FC,brighton_hove_albion_fc,Brighton & Hove Albion FC,2,2
2024-12-08,PREMIER,2024-25,tottenham_hotspur_fc,Tottenham Hotspur FC,chelsea_fc,Chelsea FC,3,4
2024-12-08,SERIEA,2024-25,acf_fiorentina,ACF Fiorentina,cagliari_calcio,Cagliari Calcio,1,0
2024-12-08,SERIEA,2024-25,hellas_verona_fc,Hellas Verona FC,empoli_fc,Empoli FC,1,4
2024-12-08,SERIEA,2024-25,venezia_fc,Venezia FC,como_1907,Como 1907,2,2
2024-12-08,SERIEA,2024-25,ssc_napoli,SSC Napoli,ss_lazio,SS Lazio,0,1
2024-12-09,LALIGA,2024-25,getafe_cf,Getafe CF,rcd_espanyol_de_barcelona,RCD Espanyol de Barcelona,1,0
2024-12-09,PREMIER,2024-25,west_ham_united_fc,West Ham United FC,wolverhampton_wanderers_fc,Wolverhampton Wanderers FC,2,1
2024-12-09,SERIEA,2024-25,ac_monza,AC Monza,udinese_calcio,Udinese Calcio,1,2
2024-12-10,CHAMPIONS,2024-25,girona_fc,Girona FC,liverpool_fc,Liverpool FC,0,1
2024-12-10,CHAMPIONS,2024-25,gnk_dinamo_zagreb,GNK Dinamo Zagreb,celtic_fc,Celtic FC,0,0
2024-12-10,CHAMPIONS,2024-25,stade_brestois_29,Stade Brestois 29,psv,PSV,1,0
2024-12-10,CHAMPIONS,2024-25,rb_leipzig,RB Leipzig,aston_villa_fc,Aston Villa FC,2,3
2024-12-10,CHAMPIONS,2024-25,atalanta_bc,Atalanta BC,real_madrid_cf,Real Madrid CF,2,3
2024-12-10,CHAMPIONS,2024-25,bayer_04_leverkusen,Bayer 04 Leverkusen,fc_internazionale_milano,FC Internazionale Milano,1,0
2024-12-10,CHAMPIONS,2024-25,club_brugge_kv,Club Brugge KV,sporting_clube_de_portugal,Sporting Clube de Portugal,2,1
2024-12-10,CHAMPIONS,2024-25,fk_shakhtar_donetsk,FK Shakhtar Donetsk,fc_bayern_munchen,FC Bayern München,1,5
2024-12-10,CHAMPIONS,2024-25,fc_red_bull_salzburg,FC Red Bull Salzburg,paris_saint_germain_fc,Paris Saint-Germain FC,0,3
2024-12-11,CHAMPIONS,2024-25,club_atletico_de_madrid,Club Atlético de Madrid,sk_slovan_bratislava,ŠK Slovan Bratislava,3,1
2024-12-11,CHAMPIONS,2024-25,lille_osc,Lille OSC,sk_sturm_graz,SK Sturm Graz,3,2
2024-12-11,CHAMPIONS,2024-25,vfb_stuttgart,VfB Stuttgart,bsc_young_boys,BSC Young Boys,5,1
2024-12-11,CHAMPIONS,2024-25,borussia_dortmund,Borussia Dortmund,fc_barcelona,FC Barcelona,2,3
2024-12-11,CHAMPIONS,2024-25,ac_milan,AC Milan,fk_crvena_zvezda,FK Crvena Zvezda,2,1
2024-12-11,CHAMPIONS,2024-25,sport_lisboa_e_benfica,Sport Lisboa e Benfica,bologna_fc_1909,Bologna FC 1909,0,0
2024-12-11,CHAMPIONS,2024-25,arsenal_fc,Arsenal FC,as_monaco_fc,AS Monaco FC,3,0
2024-12-11,CHAMPIONS,2024-25,juventus_fc,Juventus FC,manchester_city_fc,Manchester City FC,2,0
2024-12-11,CHAMPIONS,2024-25,feyenoord_rotterdam,Feyenoord Rotterdam,ac_sparta_praha,AC Sparta Praha,4,2
2024-12-13,LALIGA,2024-25,real_valladolid_cf,Real Valladolid CF,valencia_cf,Valencia CF,1,0
2024-12-13,SERIEA,2024-25,empoli_fc,Empoli FC,torino_fc,Torino FC,0,1
2024-12-14,LALIGA,2024-25,rcd_espanyol_de_barcelona,RCD Espanyol de Barcelona,ca_osasuna,CA Osasuna,0,0
2024-12-14,LALIGA,2024-25,rcd_mallorca,RCD Mallorca,girona_fc,Girona FC,2,1
2024-12-14,LALIGA,2024-25,sevilla_fc,Sevilla FC,rc_celta_de_vigo,RC Celta de Vigo,1,0
2024-12-14,LALIGA,2024-25,rayo_vallecano_de_madrid,Rayo Vallecano de Madrid,real_madrid_cf,Real Madrid CF,3,3
2024-12-14,PREMIER,2024-25,arsenal_fc,Arsenal FC,everton_fc,Everton FC,0,0
2024-12-14,PREMIER,2024-25,liverpool_fc,Liverpool FC,fulham_fc,Fulham FC,2,2
2024-12-14,PREMIER,2024-25,newcastle_united_fc,Newcastle United FC,leicester_city_fc,Leicester City FC,4,0
2024-12-14,PREMIER,2024-25,wolverhampton_wanderers_fc,Wolverhampton Wanderers FC,ipswich_town_fc,Ipswich Town FC,1,2
2024-12-14,PREMIER,2024-25,nottingham_forest_fc,Nottingham Forest FC,aston_villa_fc,Aston Villa FC,2,1
2024-12-14,SERIEA,2024-25,cagliari_calcio,Cagliari Calcio,atalanta_bc,Atalanta BC,0,1
2024-12-14,SERIEA,2024-25,udinese_calcio,Udinese Calcio,ssc_napoli,SSC Napoli,1,3
2024-12-14,SERIEA,2024-25,juventus_fc,Juventus FC,venezia_fc,Venezia FC,2,2
2024-12-15,LALIGA,2024-25,club_atletico_de_madrid,Club Atlético de Madrid,getafe_cf,Getafe CF,1,0
2024-12-15,LALIGA,2024-25,deportivo_alaves,Deportivo Alavés,athletic_club,Athletic Club,1,1
2024-12-15,LALIGA,2024-25,villarreal_cf,Villarreal CF,real_betis_balompie,Real Betis Balompié,1,2
2024-12-15,LALIGA,2024-25,real_sociedad_de_futbol,Real Sociedad de Fútbol,ud_las_palmas,UD Las Palmas,0,0
2024-12-15,LALIGA,2024-25,fc_barcelona,FC Barcelona,cd_leganes,CD Leganés,0,1
2024-12-15,PREMIER,2024-25,brighton_hove_albion_fc,Brighton & Hove Albion FC,crystal_palace_fc,Crystal Palace FC,1,3
2024-12-15,PREMIER,2024-25,manchester_city_fc,Manchester City FC,manchester_united_fc,Manchester United FC,1,2
2024-12-15,PREMIER,2024-25,chelsea_fc,Chelsea FC,brentford_fc,Brentford FC,2,1
2024-12-15,PREMIER,2024-25,southampton_fc,Southampton FC,tottenham_hotspur_fc,Tottenham Hotspur FC,0,5
2024-12-15,SERIEA,2024-25,us_lecce,US Lecce,ac_monza,AC Monza,2,1
2024-12-15,SERIEA,2024-25,bologna_fc_1909,Bologna FC 1909,acf_fiorentina,ACF Fiorentina,1,0
2024-12-15,SERIEA,2024-25,parma_calcio_1913,Parma Calcio 1913,hellas_verona_fc,Hellas Verona FC,2,3
2024-12-15,SERIEA,2024-25,como_1907,Como 1907,as_roma,AS Roma,2,0
2024-12-15,SERIEA,2024-25,ac_milan,AC Milan,genoa_cfc,Genoa CFC,0,0
2024-12-16,PREMIER,2024-25,afc_bournemouth,AFC Bournemouth,west_ham_united_fc,West Ham United FC,1,1
2024-12-16,SERIEA,2024-25,ss_lazio,SS Lazio,fc_internazionale_milano,FC Internazionale Milano,0,6
2024-12-18,LALIGA,2024-25,villarreal_cf,Villarreal CF,rayo_vallecano_de_madrid,Rayo Vallecano de Madrid,1,1
2024-12-18,LALIGA,2024-25,rcd_espanyol_de_barcelona,RCD Espanyol de Barcelona,valencia_cf,Valencia CF,1,1
2024-12-20,LALIGA,2024-25,girona_fc,Girona FC,real_valladolid_cf,Real Valladolid CF,3,0
2024-12-20,SERIEA,2024-25,hellas_verona_fc,Hellas Verona FC,ac_milan,AC Milan,0,1
2024-12-21,LALIGA,2024-25,getafe_cf,Getafe CF,rcd_mallorca,RCD Mallorca,0,1
2024-12-21,LALIGA,2024-25,rc_celta_de_vigo,RC Celta de Vigo,real_sociedad_de_futbol,Real Sociedad de Fútbol,2,0
2024-12-21,LALIGA,2024-25,ca_osasuna,CA Osasuna,athletic_club,Athletic Club,1,2
2024-12-21,LALIGA,2024-25,fc_barcelona,FC Barcelona,club_atletico_de_madrid,Club Atlético de Madrid,1,2
2024-12-21,PREMIER,2024-25,aston_villa_fc,Aston Villa FC,manchester_city_fc,Manchester City FC,2,1
2024-12-21,PREMIER,2024-25,brentford_fc,Brentford FC,nottingham_forest_fc,Nottingham Forest FC,0,2
2024-12-21,PREMIER,2024-25,ipswich_town_fc,Ipswich Town FC,newcastle_united_fc,Newcastle United FC,0,4
2024-12-21,PREMIER,2024-25,west_ham_united_fc,West Ham United FC,brighton_hove_albion_fc,Brighton & Hove Albion FC,1,1
2024-12-21,PREMIER,2024-25,crystal_palace_fc,Crystal Palace FC,arsenal_fc,Arsenal FC,1,5
2024-12-21,SERIEA,2024-25,torino_fc,Torino FC,bologna_fc_1909,Bologna FC 1909,0,2
2024-12-21,SERIEA,2024-25,genoa_cfc,Genoa CFC,ssc_napoli,SSC Napoli,1,2
2024-12-21,SERIEA,2024-25,us_lecce,US Lecce,ss_lazio,SS Lazio,1,2
2024-12-22,LALIGA,2024-25,valencia_cf,Valencia CF,deportivo_alaves,Deportivo Alavés,2,2
2024-12-22,LALIGA,2024-25,real_madrid_cf,Real Madrid CF,sevilla_fc,Sevilla FC,4,2
2024-12-22,LALIGA,2024-25,cd_leganes,CD Leganés,villarreal_cf,Villarreal CF,2,5
2024-12-22,LALIGA,2024-25,ud_las_palmas,UD Las Palmas,rcd_espanyol_de_barcelona,RCD Espanyol de Barcelona,1,0
2024-12-22,LALIGA,2024-25,real_betis_balompie,Real Betis Balompié,rayo_vallecano_de_madrid,Rayo Vallecano de Madrid,1,1
2024-12-22,PREMIER,2024-25,everton_fc,Everton FC,chelsea_fc,Chelsea FC,0,0
2024-12-22,PREMIER,2024-25,fulham_fc,Fulham FC,southampton_fc,Southampton FC,0,0
2024-12-22,PREMIER,2024-25,leicester_city_fc,Leicester City FC,wolverhampton_wanderers_fc,Wolverhampton Wanderers FC,0,3
2024-12-22,PREMIER,2024-25,manchester_united_fc,Manchester United FC,afc_bournemouth,AFC Bournemouth,0,3
2024-12-22,PREMIER,2024-25,tottenham_hotspur_fc,Tottenham Hotspur FC,liverpool_fc,Liverpool FC,3,6
2024-12-22,SERIEA,2024-25,as_roma,AS Roma,parma_calcio_1913,Parma Calcio 1913,5,0
2024-12-22,SERIEA,2024-25,venezia_fc,Venezia FC,cagliari_calcio,Cagliari Calcio,2,1
2024-12-22,SERIEA,2024-25,atalanta_bc,Atalanta BC,empoli_fc,Empoli FC,3,2
2024-12-22,SERIEA,2024-25,ac_monza,AC Monza,juventus_fc,Juventus FC,1,2
2024-12-23,SERIEA,2024-25,acf_fiorentina,ACF Fiorentina,udinese_calcio,Udinese Calcio,1,2
2024-12-23,SERIEA,2024-25,fc_internazionale_milano,FC Internazionale Milano,como_1907,Como 1907,2,0
2024-12-26,PREMIER,2024-25,manchester_city_fc,Manchester City FC,everton_fc,Everton FC,1,1
2024-12-26,PREMIER,2024-25,afc_bournemouth,AFC Bournemouth,crystal_palace_fc,Crystal Palace FC,0,0
2024-12-26,PREMIER,2024-25,chelsea_fc,Chelsea FC,fulham_fc,Fulham FC,1,2
2024-12-26,PREMIER,2024-25,newcastle_united_fc,Newcastle United FC,aston_villa_fc,Aston Villa FC,3,0
2024-12-26,PREMIER,2024-25,nottingham_forest_fc,Nottingham Forest FC,tottenham_hotspur_fc,Tottenham Hotspur FC,1,0
2024-12-26,PREMIER,2024-25,southampton_fc,Southampton FC,west_ham_united_fc,West Ham United FC,0,1
2024-12-26,PREMIER,2024-25,wolverhampton_wanderers_fc,Wolverhampton Wanderers FC,manchester_united_fc,Manchester United FC,2,0
2024-12-26,PREMIER,2024-25,liverpool_fc,Liverpool FC,leicester_city_fc,Leicester City FC,3,1
2024-12-27,PREMIER,2024-25,brighton_hove_albion_fc,Brighton & Hove Albion FC,brentford_fc,Brentford FC,0,0
2024-12-27,PREMIER,2024-25,arsenal_fc,Arsenal FC,ipswich_town_fc,Ipswich Town FC,1,0
2024-12-28,SERIEA,2024-25,empoli_fc,Empoli FC,genoa_cfc,Genoa CFC,1,2
2024-12-28,SERIEA,2024-25,parma_calcio_1913,Parma Calcio 1913,ac_monza,AC Monza,2,1
2024-12-28,SERIEA,2024-25,cagliari_calcio,Cagliari Calcio,fc_internazionale_milano,FC Internazionale Milano,0,3
2024-12-28,SERIEA,2024-25,ss_lazio,SS Lazio,atalanta_bc,Atalanta BC,1,1
2024-12-29,PREMIER,2024-25,leicester_city_fc,Leicester City FC,manchester_city_fc,Manchester City FC,0,2
2024-12-29,PREMIER,2024-25,crystal_palace_fc,Crystal Palace FC,southampton_fc,Southampton FC,2,1
2024-12-29,PREMIER,2024-25,everton_fc,Everton FC,nottingham_forest_fc,Nottingham Forest FC,0,2
2024-12-29,PREMIER,2024-25,fulham_fc,Fulham FC,afc_bournemouth,AFC Bournemouth,2,2
2024-12-29,PREMIER,2024-25,tottenham_hotspur_fc,Tottenham Hotspur FC,wolverhampton_wanderers_fc,Wolverhampton Wanderers FC,2,2
2024-12-29,PREMIER,2024-25,west_ham_united_fc,West Ham United FC,liverpool_fc,Liverpool FC,0,5
2024-12-29,SERIEA,2024-25,udinese_calcio,Udinese Calcio,torino_fc,Torino FC,2,2
2024-12-29,SERIEA,2024-25,ssc_napoli,SSC Napoli,venezia_fc,Venezia FC,1,0
2024-12-29,SERIEA,2024-25,juventus_fc,Juventus FC,acf_fiorentina,ACF Fiorentina,2,2
2024-12-29,SERIEA,2024-25,ac_milan,AC Milan,as_roma,AS Roma,1,1
2024-12-30,PREMIER,2024-25,aston_villa_fc,Aston Villa FC,brighton_hove_albion_fc,Brighton & Hove Albion FC,2,2
2024-12-30,PREMIER,2024-25,ipswich_town_fc,Ipswich Town FC,chelsea_fc,Chelsea FC,2,0
2024-12-30,PREMIER,2024-25,manchester_united_fc,Manchester United FC,newcastle_united_fc,Newcastle United FC,0,2
2024-12-30,SERIEA,2024-25,como_1907,Como 1907,us_lecce,US Lecce,2,0
2024-12-30,SERIEA,2024-25,bologna_fc_1909,Bologna FC 1909,hellas_verona_fc,Hellas Verona FC,2,3
2025-01-01,PREMIER,2024-25,brentford_fc,Brentford FC,arsenal_fc,Arsenal FC,1,3
2025-01-03,LALIGA,2024-25,valencia_cf,Valencia CF,real_madrid_cf,Real Madrid CF,1,2
2025-01-04,PREMIER,2024-25,tottenham_hotspur_fc,Tottenham Hotspur FC,newcastle_united_fc,Newcastle United FC,1,2
2025-01-04,PREMIER,2024-25,southampton_fc,Southampton FC,brentford_fc,Brentford FC,0,5
2025-01-04,PREMIER,2024-25,crystal_palace_fc,Crystal Palace FC,chelsea_fc,Chelsea FC,1,1
2025-01-04,PREMIER,2024-25,afc_bournemouth,AFC Bournemouth,everton_fc,Everton FC,1,0
2025-01-04,PREMIER,2024-25,aston_villa_fc,Aston Villa FC,leicester_city_fc,Leicester City FC,2,1
2025-01-04,PREMIER,2024-25,manchester_city_fc,Manchester City FC,west_ham_united_fc,West Ham United FC,4,1
2025-01-04,PREMIER,2024-25,brighton_hove_albion_fc,Brighton & Hove Albion FC,arsenal_fc,Arsenal FC,1,1
2025-01-04,SERIEA,2024-25,venezia_fc,Venezia FC,empoli_fc,Empoli FC,1,1
2025-01-04,SERIEA,2024-25,acf_fiorentina,ACF Fiorentina,ssc_napoli,SSC Napoli,0,3
2025-01-04,SERIEA,2024-25,hellas_verona_fc,Hellas Verona FC,udinese_calcio,Udinese Calcio,0,0
2025-01-05,PREMIER,2024-25,fulham_fc,Fulham FC,ipswich_town_fc,Ipswich Town FC,2,2
2025-01-05,PREMIER,2024-25,liverpool_fc,Liverpool FC,manchester_united_fc,Manchester United FC,2,2
2025-01-05,SERIEA,2024-25,ac_monza,AC Monza,cagliari_calcio,Cagliari Calcio,1,2
2025-01-05,SERIEA,2024-25,us_lecce,US Lecce,genoa_cfc,Genoa CFC,0,0
2025-01-05,SERIEA,2024-25,torino_fc,Torino FC,parma_calcio_1913,Parma Calcio 1913,0,0
2025-01-05,SERIEA,2024-25,as_roma,AS Roma,ss_lazio,SS Lazio,2,0
2025-01-06,PREMIER,2024-25,wolverhampton_wanderers_fc,Wolverhampton Wanderers FC,nottingham_forest_fc,Nottingham Forest FC,0,3
2025-01-10,LALIGA,2024-25,rayo_vallecano_de_madrid,Rayo Vallecano de Madrid,rc_celta_de_vigo,RC Celta de Vigo,2,1
2025-01-10,SERIEA,2024-25,ss_lazio,SS Lazio,como_1907,Como 1907,1,1
2025-01-11,LALIGA,2024-25,deportivo_alaves,Deportivo Alavés,girona_fc,Girona FC,0,1
2025-01-11,LALIGA,2024-25,real_valladolid_cf,Real Valladolid CF,real_betis_balompie,Real Betis Balompié,1,0
2025-01-11,LALIGA,2024-25,rcd_espanyol_de_barcelona,RCD Espanyol de Barcelona,cd_leganes,CD Leganés,1,1
2025-01-11,LALIGA,2024-25,sevilla_fc,Sevilla FC,valencia_cf,Valencia CF,1,1
2025-01-11,SERIEA,2024-25,empoli_fc,Empoli FC,us_lecce,US Lecce,1,3
2025-01-11,SERIEA,2024-25,udinese_calcio,Udinese Calcio,atalanta_bc,Atalanta BC,0,0
2025-01-11,SERIEA,2024-25,torino_fc,Torino FC,juventus_fc,Juventus FC,1,1
2025-01-11,SERIEA,2024-25,ac_milan,AC Milan,cagliari_calcio,Cagliari Calcio,1,1
2025-01-12,LALIGA,2024-25,ud_las_palmas,UD Las Palmas,getafe_cf,Getafe CF,1,2
2025-01-12,LALIGA,2024-25,club_atletico_de_madrid,Club Atlético de Madrid,ca_osasuna,CA Osasuna,1,0
2025-01-12,SERIEA,2024-25,genoa_cfc,Genoa CFC,parma_calcio_1913,Parma Calcio 1913,1,0
2025-01-12,SERIEA,2024-25,venezia_fc,Venezia FC,fc_internazionale_milano,FC Internazionale Milano,0,1
2025-01-12,SERIEA,2024-25,bologna_fc_1909,Bologna FC 1909,as_roma,AS Roma,2,2
2025-01-12,SERIEA,2024-25,ssc_napoli,SSC Napoli,hellas_verona_fc,Hellas Verona FC,2,0
2025-01-13,LALIGA,2024-25,real_sociedad_de_futbol,Real Sociedad de Fútbol,villarreal_cf,Villarreal CF,1,0
2025-01-13,SERIEA,2024-25,ac_monza,AC Monza,acf_fiorentina,ACF Fiorentina,2,1
2025-01-14,PREMIER,2024-25,west_ham_united_fc,West Ham United FC,fulham_fc,Fulham FC,3,2
2025-01-14,PREMIER,2024-25,brentford_fc,Brentford FC,manchester_city_fc,Manchester City FC,2,2
2025-01-14,PREMIER,2024-25,chelsea_fc,Chelsea FC,afc_bournemouth,AFC Bournemouth,2,2
2025-01-14,PREMIER,2024-25,nottingham_forest_fc,Nottingham Forest FC,liverpool_fc,Liverpool FC,1,1
2025-01-14,SERIEA,2024-25,como_1907,Como 1907,ac_milan,AC Milan,1,2
2025-01-14,SERIEA,2024-25,atalanta_bc,Atalanta BC,juventus_fc,Juventus FC,1,1
2025-01-15,PREMIER,2024-25,everton_fc,Everton FC,aston_villa_fc,Aston Villa FC,0,1
2025-01-15,PREMIER,2024-25,leicester_city_fc,Leicester City FC,crystal_palace_fc,Crystal Palace FC,0,2
2025-01-15,PREMIER,2024-25,newcastle_united_fc,Newcastle United FC,wolverhampton_wanderers_fc,Wolverhampton Wanderers FC,3,0
2025-01-15,PREMIER,2024-25,arsenal_fc,Arsenal FC,tottenham_hotspur_fc,Tottenham Hotspur FC,2,1
2025-01-15,SERIEA,2024-25,fc_internazionale_milano,FC Internazionale Milano,bologna_fc_1909,Bologna FC 1909,2,2
2025-01-16,PREMIER,2024-25,ipswich_town_fc,Ipswich Town FC,brighton_hove_albion_fc,Brighton & Hove Albion FC,0,2
2025-01-16,PREMIER,2024-25,manchester_united_fc,Manchester United FC,southampton_fc,Southampton FC,3,1
2025-01-17,LALIGA,2024-25,rcd_espanyol_de_barcelona,RCD Espanyol de Barcelona,real_valladolid_cf,Real Valladolid CF,2,1
2025-01-17,SERIEA,2024-25,as_roma,AS Roma,genoa_cfc,Genoa CFC,3,1
2025-01-18,LALIGA,2024-25,girona_fc,Girona FC,sevilla_fc,Sevilla FC,1,2
2025-01-18,LALIGA,2024-25,cd_leganes,CD Leganés,club_atletico_de_madrid,Club Atlético de Madrid,1,0
2025-01-18,LALIGA,2024-25,real_betis_balompie,Real Betis Balompié,deportivo_alaves,Deportivo Alavés,1,3
2025-01-18,LALIGA,2024-25,getafe_cf,Getafe CF,fc_barcelona,FC Barcelona,1,1
2025-01-18,PREMIER,2024-25,newcastle_united_fc,Newcastle United FC,afc_bournemouth,AFC Bournemouth,1,4
2025-01-18,PREMIER,2024-25,west_ham_united_fc,West Ham United FC,crystal_palace_fc,Crystal Palace FC,0,2
2025-01-18,PREMIER,2024-25,leicester_city_fc,Leicester City FC,fulham_fc,Fulham FC,0,2
2025-01-18,PREMIER,2024-25,brentford_fc,Brentford FC,liverpool_fc,Liverpool FC,0,2
2025-01-18,PREMIER,2024-25,arsenal_fc,Arsenal FC,aston_villa_fc,Aston Villa FC,2,2
2025-01-18,SERIEA,2024-25,bologna_fc_1909,Bologna FC 1909,ac_monza,AC Monza,3,1
2025-01-18,SERIEA,2024-25,juventus_fc,Juventus FC,ac_milan,AC Milan,2,0
2025-01-18,SERIEA,2024-25,atalanta_bc,Atalanta BC,ssc_napoli,SSC Napoli,2,3
2025-01-19,LALIGA,2024-25,rc_celta_de_vigo,RC Celta de Vigo,athletic_club,Athletic Club,1,2
2025-01-19,LALIGA,2024-25,real_madrid_cf,Real Madrid CF,ud_las_palmas,UD Las Palmas,4,1
2025-01-19,LALIGA,2024-25,ca_osasuna,CA Osasuna,rayo_vallecano_de_madrid,Rayo Vallecano de Madrid,1,1
2025-01-19,LALIGA,2024-25,valencia_cf,Valencia CF,real_sociedad_de_futbol,Real Sociedad de Fútbol,1,0
2025-01-19,PREMIER,2024-25,manchester_united_fc,Manchester United FC,brighton_hove_albion_fc,Brighton & Hove Albion FC,1,3
2025-01-19,PREMIER,2024-25,nottingham_forest_fc,Nottingham Forest FC,southampton_fc,Southampton FC,3,2
2025-01-19,PREMIER,2024-25,everton_fc,Everton FC,tottenham_hotspur_fc,Tottenham Hotspur FC,3,2
2025-01-19,PREMIER,2024-25,ipswich_town_fc,Ipswich Town FC,manchester_city_fc,Manchester City FC,0,6
2025-01-19,SERIEA,2024-25,acf_fiorentina,ACF Fiorentina,torino_fc,Torino FC,1,1
2025-01-19,SERIEA,2024-25,cagliari_calcio,Cagliari Calcio,us_lecce,US Lecce,4,1
2025-01-19,SERIEA,2024-25,parma_calcio_1913,Parma Calcio 1913,venezia_fc,Venezia FC,1,1
2025-01-19,SERIEA,2024-25,hellas_verona_fc,Hellas Verona FC,ss_lazio,SS Lazio,0,3
2025-01-19,SERIEA,2024-25,fc_internazionale_milano,FC Internazionale Milano,empoli_fc,Empoli FC,3,1
2025-01-20,LALIGA,2024-25,villarreal_cf,Villarreal CF,rcd_mallorca,RCD Mallorca,4,0
2025-01-20,PREMIER,2024-25,chelsea_fc,Chelsea FC,wolverhampton_wanderers_fc,Wolverhampton Wanderers FC,3,1
2025-01-20,SERIEA,2024-25,como_1907,Como 1907,udinese_calcio,Udinese Calcio,4,1
2025-01-21,CHAMPIONS,2024-25,as_monaco_fc,AS Monaco FC,aston_villa_fc,Aston Villa FC,1,0
2025-01-21,CHAMPIONS,2024-25,atalanta_bc,Atalanta BC,sk_sturm_graz,SK Sturm Graz,5,0
2025-01-21,CHAMPIONS,2024-25,bologna_fc_1909,Bologna FC 1909,borussia_dortmund,Borussia Dortmund,2,1
2025-01-21,CHAMPIONS,2024-25,sk_slovan_bratislava,ŠK Slovan Bratislava,vfb_stuttgart,VfB Stuttgart,1,3
2025-01-21,CHAMPIONS,2024-25,liverpool_fc,Liverpool FC,lille_osc,Lille OSC,2,1
2025-01-21,CHAMPIONS,2024-25,club_atletico_de_madrid,Club Atlético de Madrid,bayer_04_leverkusen,Bayer 04 Leverkusen,2,1
2025-01-21,CHAMPIONS,2024-25,sport_lisboa_e_benfica,Sport Lisboa e Benfica,fc_barcelona,FC Barcelona,4,5
2025-01-21,CHAMPIONS,2024-25,club_brugge_kv,Club Brugge KV,juventus_fc,Juventus FC,0,0
2025-01-21,CHAMPIONS,2024-25,fk_crvena_zvezda,FK Crvena Zvezda,psv,PSV,2,3
2025-01-22,CHAMPIONS,2024-25,rb_leipzig,RB Leipzig,sporting_clube_de_portugal,Sporting Clube de Portugal,2,1
2025-01-22,CHAMPIONS,2024-25,fk_shakhtar_donetsk,FK Shakhtar Donetsk,stade_brestois_29,Stade Brestois 29,2,0
2025-01-22,CHAMPIONS,2024-25,ac_sparta_praha,AC Sparta Praha,fc_internazionale_milano,FC Internazionale Milano,0,1
2025-01-22,CHAMPIONS,2024-25,paris_saint_germain_fc,Paris Saint-Germain FC,manchester_city_fc,Manchester City FC,4,2
2025-01-22,CHAMPIONS,2024-25,real_madrid_cf,Real Madrid CF,fc_red_bull_salzburg,FC Red Bull Salzburg,5,1
2025-01-22,CHAMPIONS,2024-25,ac_milan,AC Milan,girona_fc,Girona FC,1,0
2025-01-22,CHAMPIONS,2024-25,arsenal_fc,Arsenal FC,gnk_dinamo_zagreb,GNK Dinamo Zagreb,3,0
2025-01-22,CHAMPIONS,2024-25,celtic_fc,Celtic FC,bsc_young_boys,BSC Young Boys,1,0
2025-01-22,CHAMPIONS,2024-25,feyenoord_rotterdam,Feyenoord Rotterdam,fc_bayern_munchen,FC Bayern München,3,0
2025-01-24,LALIGA,2024-25,ud_las_palmas,UD Las Palmas,ca_osasuna,CA Osasuna,1,1
2025-01-24,SERIEA,2024-25,torino_fc,Torino FC,cagliari_calcio,Cagliari Calcio,2,0
2025-01-25,LALIGA,2024-25,rcd_mallorca,RCD Mallorca,real_betis_balompie,Real Betis Balompié,0,1
2025-01-25,LALIGA,2024-25,club_atletico_de_madrid,Club Atlético de Madrid,villarreal_cf,Villarreal CF,1,1
2025-01-25,LALIGA,2024-25,sevilla_fc,Sevilla FC,rcd_espanyol_de_barcelona,RCD Espanyol de Barcelona,1,1
2025-01-25,LALIGA,2024-25,real_valladolid_cf,Real Valladolid CF,real_madrid_cf,Real Madrid CF,0,3
2025-01-25,PREMIER,2024-25,liverpool_fc,Liverpool FC,ipswich_town_fc,Ipswich Town FC,4,1
2025-01-25,PREMIER,2024-25,wolverhampton_wanderers_fc,Wolverhampton Wanderers FC,arsenal_fc,Arsenal FC,0,1
2025-01-25,PREMIER,2024-25,brighton_hove_albion_fc,Brighton & Hove Albion FC,everton_fc,Everton FC,0,1
2025-01-25,PREMIER,2024-25,southampton_fc,Southampton FC,newcastle_united_fc,Newcastle United FC,1,3
2025-01-25,PREMIER,2024-25,afc_bournemouth,AFC Bournemouth,nottingham_forest_fc,Nottingham Forest FC,5,0
2025-01-25,PREMIER,2024-25,manchester_city_fc,Manchester City FC,chelsea_fc,Chelsea FC,3,1
2025-01-25,SERIEA,2024-25,como_1907,Como 1907,atalanta_bc,Atalanta BC,1,2
2025-01-25,SERIEA,2024-25,ssc_napoli,SSC Napoli,juventus_fc,Juventus FC,2,1
2025-01-25,SERIEA,2024-25,empoli_fc,Empoli FC,bologna_fc_1909,Bologna FC 1909,1,1
2025-01-26,LALIGA,2024-25,rayo_vallecano_de_madrid,Rayo Vallecano de Madrid,girona_fc,Girona FC,2,1
2025-01-26,LALIGA,2024-25,real_sociedad_de_futbol,Real Sociedad de Fútbol,getafe_cf,Getafe CF,0,3
2025-01-26,LALIGA,2024-25,athletic_club,Athletic Club,cd_leganes,CD Leganés,0,0
2025-01-26,LALIGA,2024-25,fc_barcelona,FC Barcelona,valencia_cf,Valencia CF,7,1
2025-01-26,PREMIER,2024-25,crystal_palace_fc,Crystal Palace FC,brentford_fc,Brentford FC,1,2
2025-01-26,PREMIER,2024-25,tottenham_hotspur_fc,Tottenham Hotspur FC,leicester_city_fc,Leicester City FC,1,2
2025-01-26,PREMIER,2024-25,aston_villa_fc,Aston Villa FC,west_ham_united_fc,West Ham United FC,1,1
2025-01-26,PREMIER,2024-25,fulham_fc,Fulham FC,manchester_united_fc,Manchester United FC,0,1
2025-01-26,SERIEA,2024-25,ac_milan,AC Milan,parma_calcio_1913,Parma Calcio 1913,3,2
2025-01-26,SERIEA,2024-25,udinese_calcio,Udinese Calcio,as_roma,AS Roma,1,2
2025-01-26,SERIEA,2024-25,us_lecce,US Lecce,fc_internazionale_milano,FC Internazionale Milano,0,4
2025-01-26,SERIEA,2024-25,ss_lazio,SS Lazio,acf_fiorentina,ACF Fiorentina,1,2
2025-01-27,LALIGA,2024-25,deportivo_alaves,Deportivo Alavés,rc_celta_de_vigo,RC Celta de Vigo,1,1
2025-01-27,SERIEA,2024-25,venezia_fc,Venezia FC,hellas_verona_fc,Hellas Verona FC,1,1
2025-01-27,SERIEA,2024-25,genoa_cfc,Genoa CFC,ac_monza,AC Monza,2,0
2025-01-29,CHAMPIONS,2024-25,sporting_clube_de_portugal,Sporting Clube de Portugal,bologna_fc_1909,Bologna FC 1909,1,1
2025-01-29,CHAMPIONS,2024-25,bsc_young_boys,BSC Young Boys,fk_crvena_zvezda,FK Crvena Zvezda,0,1
2025-01-29,CHAMPIONS,2024-25,aston_villa_fc,Aston Villa FC,celtic_fc,Celtic FC,4,2
2025-01-29,CHAMPIONS,2024-25,girona_fc,Girona FC,arsenal_fc,Arsenal FC,1,2
2025-01-29,CHAMPIONS,2024-25,stade_brestois_29,Stade Brestois 29,real_madrid_cf,Real Madrid CF,0,3
2025-01-29,CHAMPIONS,2024-25,sk_sturm_graz,SK Sturm Graz,rb_leipzig,RB Leipzig,1,0
2025-01-29,CHAMPIONS,2024-25,vfb_stuttgart,VfB Stuttgart,paris_saint_germain_fc,Paris Saint-Germain FC,1,4
2025-01-29,CHAMPIONS,2024-25,fc_bayern_munchen,FC Bayern München,sk_slovan_bratislava,ŠK Slovan Bratislava,3,1
2025-01-29,CHAMPIONS,2024-25,borussia_dortmund,Borussia Dortmund,fk_shakhtar_donetsk,FK Shakhtar Donetsk,3,1
2025-01-29,CHAMPIONS,2024-25,fc_barcelona,FC Barcelona,atalanta_bc,Atalanta BC,2,2
2025-01-29,CHAMPIONS,2024-25,fc_internazionale_milano,FC Internazionale Milano,as_monaco_fc,AS Monaco FC,3,0
2025-01-29,CHAMPIONS,2024-25,manchester_city_fc,Manchester City FC,club_brugge_kv,Club Brugge KV,3,1
2025-01-29,CHAMPIONS,2024-25,bayer_04_leverkusen,Bayer 04 Leverkusen,ac_sparta_praha,AC Sparta Praha,2,0
2025-01-29,CHAMPIONS,2024-25,juventus_fc,Juventus FC,sport_lisboa_e_benfica,Sport Lisboa e Benfica,0,2
2025-01-29,CHAMPIONS,2024-25,gnk_dinamo_zagreb,GNK Dinamo Zagreb,ac_milan,AC Milan,2,1
2025-01-29,CHAMPIONS,2024-25,lille_osc,Lille OSC,feyenoord_rotterdam,Feyenoord Rotterdam,6,1
2025-01-29,CHAMPIONS,2024-25,psv,PSV,liverpool_fc,Liverpool FC,3,2
2025-01-29,CHAMPIONS,2024-25,fc_red_bull_salzburg,FC Red Bull Salzburg,club_atletico_de_madrid,Club Atlético de Madrid,1,4
2025-01-31,LALIGA,2024-25,cd_leganes,CD Leganés,rayo_vallecano_de_madrid,Rayo Vallecano de Madrid,0,1
2025-01-31,SERIEA,2024-25,parma_calcio_1913,Parma Calcio 1913,us_lecce,US Lecce,1,3
2025-02-01,LALIGA,2024-25,getafe_cf,Getafe CF,sevilla_fc,Sevilla FC,0,0
2025-02-01,LALIGA,2024-25,villarreal_cf,Villarreal CF,real_valladolid_cf,Real Valladolid CF,5,1
2025-02-01,LALIGA,2024-25,club_atletico_de_madrid,Club Atlético de Madrid,rcd_mallorca,RCD Mallorca,2,0
2025-02-01,LALIGA,2024-25,rcd_espanyol_de_barcelona,RCD Espanyol de Barcelona,real_madrid_cf,Real Madrid CF,1,0
2025-02-01,PREMIER,2024-25,nottingham_forest_fc,Nottingham Forest FC,brighton_hove_albion_fc,Brighton & Hove Albion FC,7,0
2025-02-01,PREMIER,2024-25,newcastle_united_fc,Newcastle United FC,fulham_fc,Fulham FC,1,2
2025-02-01,PREMIER,2024-25,everton_fc,Everton FC,leicester_city_fc,Leicester City FC,4,0
2025-02-01,PREMIER,2024-25,afc_bournemouth,AFC Bournemouth,liverpool_fc,Liverpool FC,0,2
2025-02-01,PREMIER,2024-25,ipswich_town_fc,Ipswich Town FC,southampton_fc,Southampton FC,1,2
2025-02-01,PREMIER,2024-25,wolverhampton_wanderers_fc,Wolverhampton Wanderers FC,aston_villa_fc,Aston Villa FC,2,0
2025-02-01,SERIEA,2024-25,ac_monza,AC Monza,hellas_verona_fc,Hellas Verona FC,0,1
2025-02-01,SERIEA,2024-25,udinese_calcio,Udinese Calcio,venezia_fc,Venezia FC,3,2
2025-02-01,SERIEA,2024-25,atalanta_bc,Atalanta BC,torino_fc,Torino FC,1,1
2025-02-01,SERIEA,2024-25,bologna_fc_1909,Bologna FC 1909,como_1907,Como 1907,2,0
2025-02-02,LALIGA,2024-25,fc_barcelona,FC Barcelona,deportivo_alaves,Deportivo Alavés,1,0
2025-02-02,LALIGA,2024-25,valencia_cf,Valencia CF,rc_celta_de_vigo,RC Celta de Vigo,2,1
2025-02-02,LALIGA,2024-25,ca_osasuna,CA Osasuna,real_sociedad_de_futbol,Real Sociedad de Fútbol,2,1
2025-02-02,LALIGA,2024-25,real_betis_balompie,Real Betis Balompié,athletic_club,Athletic Club,2,2
2025-02-02,PREMIER,2024-25,manchester_united_fc,Manchester United FC,crystal_palace_fc,Crystal Palace FC,0,2
2025-02-02,PREMIER,2024-25,brentford_fc,Brentford FC,tottenham_hotspur_fc,Tottenham Hotspur FC,0,2
2025-02-02,PREMIER,2024-25,arsenal_fc,Arsenal FC,manchester_city_fc,Manchester City FC,5,1
2025-02-02,SERIEA,2024-25,juventus_fc,Juventus FC,empoli_fc,Empoli FC,4,1
2025-02-02,SERIEA,2024-25,acf_fiorentina,ACF Fiorentina,genoa_cfc,Genoa CFC,2,1
2025-02-02,SERIEA,2024-25,ac_milan,AC Milan,fc_internazionale_milano,FC Internazionale Milano,1,1
2025-02-02,SERIEA,2024-25,as_roma,AS Roma,ssc_napoli,SSC Napoli,1,1
2025-02-03,LALIGA,2024-25,girona_fc,Girona FC,ud_las_palmas,UD Las Palmas,2,1
2025-02-03,PREMIER,2024-25,chelsea_fc,Chelsea FC,west_ham_united_fc,West Ham United FC,2,1
2025-02-03,SERIEA,2024-25,cagliari_calcio,Cagliari Calcio,ss_lazio,SS Lazio,1,2
2025-02-06,SERIEA,2024-25,acf_fiorentina,ACF Fiorentina,fc_internazionale_milano,FC Internazionale Milano,3,0
2025-02-07,LALIGA,2024-25,rayo_vallecano_de_madrid,Rayo Vallecano de Madrid,real_valladolid_cf,Real Valladolid CF,1,0
2025-02-07,SERIEA,2024-25,como_1907,Como 1907,juventus_fc,Juventus FC,1,2
2025-02-08,LALIGA,2024-25,rc_celta_de_vigo,RC Celta de Vigo,real_betis_balompie,Real Betis Balompié,3,2
2025-02-08,LALIGA,2024-25,athletic_club,Athletic Club,girona_fc,Girona FC,3,0
2025-02-08,LALIGA,2024-25,ud_las_palmas,UD Las Palmas,villarreal_cf,Villarreal CF,1,2
2025-02-08,LALIGA,2024-25,real_madrid_cf,Real Madrid CF,club_atletico_de_madrid,Club Atlético de Madrid,1,1
2025-02-08,SERIEA,2024-25,hellas_verona_fc,Hellas Verona FC,atalanta_bc,Atalanta BC,0,5
2025-02-08,SERIEA,2024-25,empoli_fc,Empoli FC,ac_milan,AC Milan,0,2
2025-02-08,SERIEA,2024-25,torino_fc,Torino FC,genoa_cfc,Genoa CFC,1,1
2025-02-09,LALIGA,2024-25,deportivo_alaves,Deportivo Alavés,getafe_cf,Getafe CF,0,1
2025-02-09,LALIGA,2024-25,valencia_cf,Valencia CF,cd_leganes,CD Leganés,2,0
2025-02-09,LALIGA,2024-25,real_sociedad_de_futbol,Real Sociedad de Fútbol,rcd_espanyol_de_barcelona,RCD Espanyol de Barcelona,2,1
2025-02-09,LALIGA,2024-25,sevilla_fc,Sevilla FC,fc_barcelona,FC Barcelona,1,4
2025-02-09,SERIEA,2024-25,venezia_fc,Venezia FC,as_roma,AS Roma,0,1
2025-02-09,SERIEA,2024-25,cagliari_calcio,Cagliari Calcio,parma_calcio_1913,Parma Calcio 1913,2,1
2025-02-09,SERIEA,2024-25,ss_lazio,SS Lazio,ac_monza,AC Monza,5,1
2025-02-09,SERIEA,2024-25,us_lecce,US Lecce,bologna_fc_1909,Bologna FC 1909,0,0
2025-02-09,SERIEA,2024-25,ssc_napoli,SSC Napoli,udinese_calcio,Udinese Calcio,1,1
2025-02-10,LALIGA,2024-25,rcd_mallorca,RCD Mallorca,ca_osasuna,CA Osasuna,1,1
2025-02-10,SERIEA,2024-25,fc_internazionale_milano,FC Internazionale Milano,acf_fiorentina,ACF Fiorentina,2,1
2025-02-11,CHAMPIONS,2024-25,stade_brestois_29,Stade Brestois 29,paris_saint_germain_fc,Paris Saint-Germain FC,0,3
2025-02-11,CHAMPIONS,2024-25,manchester_city_fc,Manchester City FC,real_madrid_cf,Real Madrid CF,2,3
2025-02-11,CHAMPIONS,2024-25,juventus_fc,Juventus FC,psv,PSV,2,1
2025-02-11,CHAMPIONS,2024-25,sporting_clube_de_portugal,Sporting Clube de Portugal,borussia_dortmund,Borussia Dortmund,0,3
2025-02-12,CHAMPIONS,2024-25,club_brugge_kv,Club Brugge KV,atalanta_bc,Atalanta BC,2,1
2025-02-12,CHAMPIONS,2024-25,as_monaco_fc,AS Monaco FC,sport_lisboa_e_benfica,Sport Lisboa e Benfica,0,1
2025-02-12,CHAMPIONS,2024-25,celtic_fc,Celtic FC,fc_bayern_munchen,FC Bayern München,1,2
2025-02-12,CHAMPIONS,2024-25,feyenoord_rotterdam,Feyenoord Rotterdam,ac_milan,AC Milan,1,0
2025-02-12,PREMIER,2024-25,everton_fc,Everton FC,liverpool_fc,Liverpool FC,2,2
2025-02-14,LALIGA,2024-25,girona_fc,Girona FC,getafe_cf,Getafe CF,1,2
2025-02-14,PREMIER,2024-25,brighton_hove_albion_fc,Brighton & Hove Albion FC,chelsea_fc,Chelsea FC,3,0
2025-02-14,SERIEA,2024-25,bologna_fc_1909,Bologna FC 1909,torino_fc,Torino FC,3,2
2025-02-15,LALIGA,2024-25,cd_leganes,CD Leganés,deportivo_alaves,Deportivo Alavés,3,3
2025-02-15,LALIGA,2024-25,ca_osasuna,CA Osasuna,real_madrid_cf,Real Madrid CF,1,1
2025-02-15,LALIGA,2024-25,club_atletico_de_madrid,Club Atlético de Madrid,rc_celta_de_vigo,RC Celta de Vigo,1,1
2025-02-15,LALIGA,2024-25,villarreal_cf,Villarreal CF,valencia_cf,Valencia CF,1,1
2025-02-15,PREMIER,2024-25,leicester_city_fc,Leicester City FC,arsenal_fc,Arsenal FC,0,2
2025-02-15,PREMIER,2024-25,southampton_fc,Southampton FC,afc_bournemouth,AFC Bournemouth,1,3
2025-02-15,PREMIER,2024-25,west_ham_united_fc,West Ham United FC,brentford_fc,Brentford FC,0,1
2025-02-15,PREMIER,2024-25,aston_villa_fc,Aston Villa FC,ipswich_town_fc,Ipswich Town FC,1,1
2025-02-15,PREMIER,2024-25,manchester_city_fc,Manchester City FC,newcastle_united_fc,Newcastle United FC,4,0
2025-02-15,PREMIER,2024-25,fulham_fc,Fulham FC,nottingham_forest_fc,Nottingham Forest FC,2,1
2025-02-15,PREMIER,2024-25,crystal_palace_fc,Crystal Palace FC,everton_fc,Everton FC,1,2
2025-02-15,SERIEA,2024-25,atalanta_bc,Atalanta BC,cagliari_calcio,Cagliari Calcio,0,0
2025-02-15,SERIEA,2024-25,ss_lazio,SS Lazio,ssc_napoli,SSC Napoli,2,2
2025-02-15,SERIEA,2024-25,ac_milan,AC Milan,hellas_verona_fc,Hellas Verona FC,1,0
2025-02-16,LALIGA,2024-25,rcd_espanyol_de_barcelona,RCD Espanyol de Barcelona,athletic_club,Athletic Club,1,1
2025-02-16,LALIGA,2024-25,real_valladolid_cf,Real Valladolid CF,sevilla_fc,Sevilla FC,0,4
2025-02-16,LALIGA,2024-25,rcd_mallorca,RCD Mallorca,ud_las_palmas,UD Las Palmas,3,1
2025-02-16,LALIGA,2024-25,real_betis_balompie,Real Betis Balompié,real_sociedad_de_futbol,Real Sociedad de Fútbol,3,0
2025-02-16,PREMIER,2024-25,liverpool_fc,Liverpool FC,wolverhampton_wanderers_fc,Wolverhampton Wanderers FC,2,1
2025-02-16,PREMIER,2024-25,tottenham_hotspur_fc,Tottenham Hotspur FC,manchester_united_fc,Manchester United FC,1,0
2025-02-16,SERIEA,2024-25,acf_fiorentina,ACF Fiorentina,como_1907,Como 1907,0,2
2025-02-16,SERIEA,2024-25,ac_monza,AC Monza,us_lecce,US Lecce,0,0
2025-02-16,SERIEA,2024-25,udinese_calcio,Udinese Calcio,empoli_fc,Empoli FC,3,0
2025-02-16,SERIEA,2024-25,parma_calcio_1913,Parma Calcio 1913,as_roma,AS Roma,0,1
2025-02-16,SERIEA,2024-25,juventus_fc,Juventus FC,fc_internazionale_milano,FC Internazionale Milano,1,0
2025-02-17,LALIGA,2024-25,fc_barcelona,FC Barcelona,rayo_vallecano_de_madrid,Rayo Vallecano de Madrid,1,0
2025-02-17,SERIEA,2024-25,genoa_cfc,Genoa CFC,venezia_fc,Venezia FC,2,0
2025-02-18,CHAMPIONS,2024-25,ac_milan,AC Milan,feyenoord_rotterdam,Feyenoord Rotterdam,1,1
2025-02-18,CHAMPIONS,2024-25,sport_lisboa_e_benfica,Sport Lisboa e Benfica,as_monaco_fc,AS Monaco FC,3,3
2025-02-18,CHAMPIONS,2024-25,fc_bayern_munchen,FC Bayern München,celtic_fc,Celtic FC,1,1
2025-02-18,CHAMPIONS,2024-25,atalanta_bc,Atalanta BC,club_brugge_kv,Club Brugge KV,1,3
2025-02-19,CHAMPIONS,2024-25,borussia_dortmund,Borussia Dortmund,sporting_clube_de_portugal,Sporting Clube de Portugal,0,0
2025-02-19,CHAMPIONS,2024-25,paris_saint_germain_fc,Paris Saint-Germain FC,stade_brestois_29,Stade Brestois 29,7,0
2025-02-19,CHAMPIONS,2024-25,real_madrid_cf,Real Madrid CF,manchester_city_fc,Manchester City FC,3,1
2025-02-19,CHAMPIONS,2024-25,psv,PSV,juventus_fc,Juventus FC,3,1
2025-02-19,PREMIER,2024-25,aston_villa_fc,Aston Villa FC,liverpool_fc,Liverpool FC,2,2
2025-02-21,LALIGA,2024-25,rc_celta_de_vigo,RC Celta de Vigo,ca_osasuna,CA Osasuna,1,0
2025-02-21,PREMIER,2024-25,leicester_city_fc,Leicester City FC,brentford_fc,Brentford FC,0,4
2025-02-21,SERIEA,2024-25,us_lecce,US Lecce,udinese_calcio,Udinese Calcio,0,1
2025-02-22,LALIGA,2024-25,deportivo_alaves,Deportivo Alavés,rcd_espanyol_de_barcelona,RCD Espanyol de Barcelona,0,1
2025-02-22,LALIGA,2024-25,rayo_vallecano_de_madrid,Rayo Vallecano de Madrid,villarreal_cf,Villarreal CF,0,1
2025-02-22,LALIGA,2024-25,valencia_cf,Valencia CF,club_atletico_de_madrid,Club Atlético de Madrid,0,3
2025-02-22,LALIGA,2024-25,ud_las_palmas,UD Las Palmas,fc_barcelona,FC Barcelona,0,2
2025-02-22,PREMIER,2024-25,everton_fc,Everton FC,manchester_united_fc,Manchester United FC,2,2
2025-02-22,PREMIER,2024-25,ipswich_town_fc,Ipswich Town FC,tottenham_hotspur_fc,Tottenham Hotspur FC,1,4
2025-02-22,PREMIER,2024-25,fulham_fc,Fulham FC,crystal_palace_fc,Crystal Palace FC,0,2
2025-02-22,PREMIER,2024-25,arsenal_fc,Arsenal FC,west_ham_united_fc,West Ham United FC,0,1
2025-02-22,PREMIER,2024-25,afc_bournemouth,AFC Bournemouth,wolverhampton_wanderers_fc,Wolverhampton Wanderers FC,0,1
2025-02-22,PREMIER,2024-25,southampton_fc,Southampton FC,brighton_hove_albion_fc,Brighton & Hove Albion FC,0,4
2025-02-22,PREMIER,2024-25,aston_villa_fc,Aston Villa FC,chelsea_fc,Chelsea FC,2,1
2025-02-22,SERIEA,2024-25,parma_calcio_1913,Parma Calcio 1913,bologna_fc_1909,Bologna FC 1909,2,0
2025-02-22,SERIEA,2024-25,venezia_fc,Venezia FC,ss_lazio,SS Lazio,0,0
2025-02-22,SERIEA,2024-25,torino_fc,Torino FC,ac_milan,AC Milan,2,1
2025-02-22,SERIEA,2024-25,fc_internazionale_milano,FC Internazionale Milano,genoa_cfc,Genoa CFC,1,0
2025-02-23,LALIGA,2024-25,athletic_club,Athletic Club,real_valladolid_cf,Real Valladolid CF,7,1
2025-02-23,LALIGA,2024-25,real_madrid_cf,Real Madrid CF,girona_fc,Girona FC,2,0
2025-02-23,LALIGA,2024-25,getafe_cf,Getafe CF,real_betis_balompie,Real Betis Balompié,1,2
2025-02-23,LALIGA,2024-25,real_sociedad_de_futbol,Real Sociedad de Fútbol,cd_leganes,CD Leganés,3,0
2025-02-23,PREMIER,2024-25,newcastle_united_fc,Newcastle United FC,nottingham_forest_fc,Nottingham Forest FC,4,3
2025-02-23,PREMIER,2024-25,manchester_city_fc,Manchester City FC,liverpool_fc,Liverpool FC,0,2
2025-02-23,SERIEA,2024-25,como_1907,Como 1907,ssc_napoli,SSC Napoli,2,1
2025-02-23,SERIEA,2024-25,hellas_verona_fc,Hellas Verona FC,acf_fiorentina,ACF Fiorentina,1,0
2025-02-23,SERIEA,2024-25,empoli_fc,Empoli FC,atalanta_bc,Atalanta BC,0,5
2025-02-23,SERIEA,2024-25,cagliari_calcio,Cagliari Calcio,juventus_fc,Juventus FC,0,1
2025-02-24,LALIGA,2024-25,sevilla_fc,Sevilla FC,rcd_mallorca,RCD Mallorca,1,1
2025-02-24,SERIEA,2024-25,as_roma,AS Roma,ac_monza,AC Monza,4,0
2025-02-25,PREMIER,2024-25,brighton_hove_albion_fc,Brighton & Hove Albion FC,afc_bournemouth,AFC Bournemouth,2,1
2025-02-25,PREMIER,2024-25,crystal_palace_fc,Crystal Palace FC,aston_villa_fc,Aston Villa FC,4,1
2025-02-25,PREMIER,2024-25,wolverhampton_wanderers_fc,Wolverhampton Wanderers FC,fulham_fc,Fulham FC,1,2
2025-02-25,PREMIER,2024-25,chelsea_fc,Chelsea FC,southampton_fc,Southampton FC,4,0
2025-02-26,PREMIER,2024-25,nottingham_forest_fc,Nottingham Forest FC,arsenal_fc,Arsenal FC,0,0
2025-02-26,PREMIER,2024-25,brentford_fc,Brentford FC,everton_fc,Everton FC,1,1
2025-02-26,PREMIER,2024-25,tottenham_hotspur_fc,Tottenham Hotspur FC,manchester_city_fc,Manchester City FC,0,1
2025-02-26,PREMIER,2024-25,manchester_united_fc,Manchester United FC,ipswich_town_fc,Ipswich Town FC,3,2
2025-02-26,PREMIER,2024-25,liverpool_fc,Liverpool FC,newcastle_united_fc,Newcastle United FC,2,0
2025-02-27,PREMIER,2024-25,west_ham_united_fc,West Ham United FC,leicester_city_fc,Leicester City FC,2,0
2025-02-27,SERIEA,2024-25,bologna_fc_1909,Bologna FC 1909,ac_milan,AC Milan,2,1
2025-02-28,LALIGA,2024-25,real_valladolid_cf,Real Valladolid CF,ud_las_palmas,UD Las Palmas,1,1
2025-02-28,SERIEA,2024-25,acf_fiorentina,ACF Fiorentina,us_lecce,US Lecce,1,0
2025-03-01,LALIGA,2024-25,girona_fc,Girona FC,rc_celta_de_vigo,RC Celta de Vigo,2,2
2025-03-01,LALIGA,2024-25,rayo_vallecano_de_madrid,Rayo Vallecano de Madrid,sevilla_fc,Sevilla FC,1,1
2025-03-01,LALIGA,2024-25,real_betis_balompie,Real Betis Balompié,real_madrid_cf,Real Madrid CF,2,1
2025-03-01,LALIGA,2024-25,club_atletico_de_madrid,Club Atlético de Madrid,athletic_club,Athletic Club,1,0
2025-03-01,SERIEA,2024-25,atalanta_bc,Atalanta BC,venezia_fc,Venezia FC,0,0
2025-03-01,SERIEA,2024-25,ssc_napoli,SSC Napoli,fc_internazionale_milano,FC Internazionale Milano,1,1
2025-03-01,SERIEA,2024-25,udinese_calcio,Udinese Calcio,parma_calcio_1913,Parma Calcio 1913,1,0
2025-03-02,LALIGA,2024-25,cd_leganes,CD Leganés,getafe_cf,Getafe CF,1,0
2025-03-02,LALIGA,2024-25,fc_barcelona,FC Barcelona,real_sociedad_de_futbol,Real Sociedad de Fútbol,4,0
2025-03-02,LALIGA,2024-25,rcd_mallorca,RCD Mallorca,deportivo_alaves,Deportivo Alavés,1,1
2025-03-02,LALIGA,2024-25,ca_osasuna,CA Osasuna,valencia_cf,Valencia CF,3,3
2025-03-02,SERIEA,2024-25,ac_monza,AC Monza,torino_fc,Torino FC,0,2
2025-03-02,SERIEA,2024-25,bologna_fc_1909,Bologna FC 1909,cagliari_calcio,Cagliari Calcio,2,1
2025-03-02,SERIEA,2024-25,genoa_cfc,Genoa CFC,empoli_fc,Empoli FC,1,1
2025-03-02,SERIEA,2024-25,as_roma,AS Roma,como_1907,Como 1907,2,1
2025-03-02,SERIEA,2024-25,ac_milan,AC Milan,ss_lazio,SS Lazio,1,2
2025-03-03,SERIEA,2024-25,juventus_fc,Juventus FC,hellas_verona_fc,Hellas Verona FC,2,0
2025-03-04,CHAMPIONS,2024-25,club_brugge_kv,Club Brugge KV,aston_villa_fc,Aston Villa FC,1,3
2025-03-04,CHAMPIONS,2024-25,real_madrid_cf,Real Madrid CF,club_atletico_de_madrid,Club Atlético de Madrid,2,1
2025-03-04,CHAMPIONS,2024-25,psv,PSV,arsenal_fc,Arsenal FC,1,7
2025-03-04,CHAMPIONS,2024-25,borussia_dortmund,Borussia Dortmund,lille_osc,Lille OSC,1,1
2025-03-05,CHAMPIONS,2024-25,feyenoord_rotterdam,Feyenoord Rotterdam,fc_internazionale_milano,FC Internazionale Milano,0,2
2025-03-05,CHAMPIONS,2024-25,paris_saint_germain_fc,Paris Saint-Germain FC,liverpool_fc,Liverpool FC,0,1
2025-03-05,CHAMPIONS,2024-25,fc_bayern_munchen,FC Bayern München,bayer_04_leverkusen,Bayer 04 Leverkusen,3,0
2025-03-05,CHAMPIONS,2024-25,sport_lisboa_e_benfica,Sport Lisboa e Benfica,fc_barcelona,FC Barcelona,0,1
2025-03-07,SERIEA,2024-25,cagliari_calcio,Cagliari Calcio,genoa_cfc,Genoa CFC,1,1
2025-03-08,LALIGA,2024-25,rc_celta_de_vigo,RC Celta de Vigo,cd_leganes,CD Leganés,2,1
2025-03-08,LALIGA,2024-25,deportivo_alaves,Deportivo Alavés,villarreal_cf,Villarreal CF,1,0
2025-03-08,LALIGA,2024-25,valencia_cf,Valencia CF,real_valladolid_cf,Real Valladolid CF,2,1
2025-03-08,PREMIER,2024-25,nottingham_forest_fc,Nottingham Forest FC,manchester_city_fc,Manchester City FC,1,0
2025-03-08,PREMIER,2024-25,brighton_hove_albion_fc,Brighton & Hove Albion FC,fulham_fc,Fulham FC,2,1
2025-03-08,PREMIER,2024-25,crystal_palace_fc,Crystal Palace FC,ipswich_town_fc,Ipswich Town FC,1,0
2025-03-08,PREMIER,2024-25,liverpool_fc,Liverpool FC,southampton_fc,Southampton FC,3,1
2025-03-08,PREMIER,2024-25,brentford_fc,Brentford FC,aston_villa_fc,Aston Villa FC,0,1
2025-03-08,PREMIER,2024-25,wolverhampton_wanderers_fc,Wolverhampton Wanderers FC,everton_fc,Everton FC,1,1
2025-03-08,SERIEA,2024-25,como_1907,Como 1907,venezia_fc,Venezia FC,1,1
2025-03-08,SERIEA,2024-25,parma_calcio_1913,Parma Calcio 1913,torino_fc,Torino FC,2,2
2025-03-08,SERIEA,2024-25,us_lecce,US Lecce,ac_milan,AC Milan,2,3
2025-03-08,SERIEA,2024-25,fc_internazionale_milano,FC Internazionale Milano,ac_monza,AC Monza,3,2
2025-03-09,LALIGA,2024-25,getafe_cf,Getafe CF,club_atletico_de_madrid,Club Atlético de Madrid,2,1
2025-03-09,LALIGA,2024-25,real_madrid_cf,Real Madrid CF,rayo_vallecano_de_madrid,Rayo Vallecano de Madrid,2,1
2025-03-09,LALIGA,2024-25,athletic_club,Athletic Club,rcd_mallorca,RCD Mallorca,1,1
2025-03-09,LALIGA,2024-25,real_betis_balompie,Real Betis Balompié,ud_las_palmas,UD Las Palmas,1,0
2025-03-09,LALIGA,2024-25,real_sociedad_de_futbol,Real Sociedad de Fútbol,sevilla_fc,Sevilla FC,0,1
2025-03-09,PREMIER,2024-25,tottenham_hotspur_fc,Tottenham Hotspur FC,afc_bournemouth,AFC Bournemouth,2,2
2025-03-09,PREMIER,2024-25,chelsea_fc,Chelsea FC,leicester_city_fc,Leicester City FC,1,0
2025-03-09,PREMIER,2024-25,manchester_united_fc,Manchester United FC,arsenal_fc,Arsenal FC,1,1
2025-03-09,SERIEA,2024-25,hellas_verona_fc,Hellas Verona FC,bologna_fc_1909,Bologna FC 1909,1,2
2025-03-09,SERIEA,2024-25,ssc_napoli,SSC Napoli,acf_fiorentina,ACF Fiorentina,2,1
2025-03-09,SERIEA,2024-25,empoli_fc,Empoli FC,as_roma,AS Roma,0,1
2025-03-09,SERIEA,2024-25,juventus_fc,Juventus FC,atalanta_bc,Atalanta BC,0,4
2025-03-10,LALIGA,2024-25,rcd_espanyol_de_barcelona,RCD Espanyol de Barcelona,girona_fc,Girona FC,1,1
2025-03-10,PREMIER,2024-25,west_ham_united_fc,West Ham United FC,newcastle_united_fc,Newcastle United FC,0,1
2025-03-10,SERIEA,2024-25,ss_lazio,SS Lazio,udinese_calcio,Udinese Calcio,1,1
2025-03-11,CHAMPIONS,2024-25,fc_barcelona,FC Barcelona,sport_lisboa_e_benfica,Sport Lisboa e Benfica,3,1
2025-03-11,CHAMPIONS,2024-25,liverpool_fc,Liverpool FC,paris_saint_germain_fc,Paris Saint-Germain FC,1,5
2025-03-11,CHAMPIONS,2024-25,fc_internazionale_milano,FC Internazionale Milano,feyenoord_rotterdam,Feyenoord Rotterdam,2,1
2025-03-11,CHAMPIONS,2024-25,bayer_04_leverkusen,Bayer 04 Leverkusen,fc_bayern_munchen,FC Bayern München,0,2
2025-03-12,CHAMPIONS,2024-25,lille_osc,Lille OSC,borussia_dortmund,Borussia Dortmund,1,2
2025-03-12,CHAMPIONS,2024-25,aston_villa_fc,Aston Villa FC,club_brugge_kv,Club Brugge KV,3,0
2025-03-12,CHAMPIONS,2024-25,club_atletico_de_madrid,Club Atlético de Madrid,real_madrid_cf,Real Madrid CF,3,4
2025-03-12,CHAMPIONS,2024-25,arsenal_fc,Arsenal FC,psv,PSV,2,2
2025-03-14,LALIGA,2024-25,ud_las_palmas,UD Las Palmas,deportivo_alaves,Deportivo Alavés,2,2
2025-03-14,SERIEA,2024-25,genoa_cfc,Genoa CFC,us_lecce,US Lecce,2,1
2025-03-15,LALIGA,2024-25,real_valladolid_cf,Real Valladolid CF,rc_celta_de_vigo,RC Celta de Vigo,0,1
2025-03-15,LALIGA,2024-25,rcd_mallorca,RCD Mallorca,rcd_espanyol_de_barcelona,RCD Espanyol de Barcelona,2,1
2025-03-15,LALIGA,2024-25,villarreal_cf,Villarreal CF,real_madrid_cf,Real Madrid CF,1,2
2025-03-15,LALIGA,2024-25,girona_fc,Girona FC,valencia_cf,Valencia CF,1,1
2025-03-15,PREMIER,2024-25,everton_fc,Everton FC,west_ham_united_fc,West Ham United FC,1,1
2025-03-15,PREMIER,2024-25,ipswich_town_fc,Ipswich Town FC,nottingham_forest_fc,Nottingham Forest FC,2,4
2025-03-15,PREMIER,2024-25,manchester_city_fc,Manchester City FC,brighton_hove_albion_fc,Brighton & Hove Albion FC,2,2
2025-03-15,PREMIER,2024-25,southampton_fc,Southampton FC,wolverhampton_wanderers_fc,Wolverhampton Wanderers FC,1,2
2025-03-15,PREMIER,2024-25,afc_bournemouth,AFC Bournemouth,brentford_fc,Brentford FC,1,2
2025-03-15,SERIEA,2024-25,ac_monza,AC Monza,parma_calcio_1913,Parma Calcio 1913,1,1
2025-03-15,SERIEA,2024-25,udinese_calcio,Udinese Calcio,hellas_verona_fc,Hellas Verona FC,0,1
2025-03-15,SERIEA,2024-25,ac_milan,AC Milan,como_1907,Como 1907,2,1
2025-03-15,SERIEA,2024-25,torino_fc,Torino FC,empoli_fc,Empoli FC,1,0
2025-03-16,LALIGA,2024-25,cd_leganes,CD Leganés,real_betis_balompie,Real Betis Balompié,2,3
2025-03-16,LALIGA,2024-25,sevilla_fc,Sevilla FC,athletic_club,Athletic Club,0,1
2025-03-16,LALIGA,2024-25,ca_osasuna,CA Osasuna,getafe_cf,Getafe CF,1,2
2025-03-16,LALIGA,2024-25,rayo_vallecano_de_madrid,Rayo Vallecano de Madrid,real_sociedad_de_futbol,Real Sociedad de Fútbol,2,2
2025-03-16,LALIGA,2024-25,club_atletico_de_madrid,Club Atlético de Madrid,fc_barcelona,FC Barcelona,2,4
2025-03-16,PREMIER,2024-25,arsenal_fc,Arsenal FC,chelsea_fc,Chelsea FC,1,0
2025-03-16,PREMIER,2024-25,fulham_fc,Fulham FC,tottenham_hotspur_fc,Tottenham Hotspur FC,2,0
2025-03-16,PREMIER,2024-25,leicester_city_fc,Leicester City FC,manchester_united_fc,Manchester United FC,0,3
2025-03-16,SERIEA,2024-25,venezia_fc,Venezia FC,ssc_napoli,SSC Napoli,0,0
2025-03-16,SERIEA,2024-25,bologna_fc_1909,Bologna FC 1909,ss_lazio,SS Lazio,5,0
2025-03-16,SERIEA,2024-25,as_roma,AS Roma,cagliari_calcio,Cagliari Calcio,1,0
2025-03-16,SERIEA,2024-25,acf_fiorentina,ACF Fiorentina,juventus_fc,Juventus FC,3,0
2025-03-16,SERIEA,2024-25,atalanta_bc,Atalanta BC,fc_internazionale_milano,FC Internazionale Milano,0,2
2025-03-27,LALIGA,2024-25,fc_barcelona,FC Barcelona,ca_osasuna,CA Osasuna,3,0
2025-03-29,LALIGA,2024-25,real_sociedad_de_futbol,Real Sociedad de Fútbol,real_valladolid_cf,Real Valladolid CF,2,1
2025-03-29,LALIGA,2024-25,rcd_espanyol_de_barcelona,RCD Espanyol de Barcelona,club_atletico_de_madrid,Club Atlético de Madrid,1,1
2025-03-29,LALIGA,2024-25,deportivo_alaves,Deportivo Alavés,rayo_vallecano_de_madrid,Rayo Vallecano de Madrid,0,2
2025-03-29,LALIGA,2024-25,real_madrid_cf,Real Madrid CF,cd_leganes,CD Leganés,3,2
2025-03-29,SERIEA,2024-25,como_1907,Como 1907,empoli_fc,Empoli FC,1,1
2025-03-29,SERIEA,2024-25,venezia_fc,Venezia FC,bologna_fc_1909,Bologna FC 1909,0,1
2025-03-29,SERIEA,2024-25,juventus_fc,Juventus FC,genoa_cfc,Genoa CFC,1,0
2025-03-29,SERIEA,2024-25,us_lecce,US Lecce,as_roma,AS Roma,0,1
2025-03-30,LALIGA,2024-25,getafe_cf,Getafe CF,villarreal_cf,Villarreal CF,1,2
2025-03-30,LALIGA,2024-25,fc_barcelona,FC Barcelona,girona_fc,Girona FC,4,1
2025-03-30,LALIGA,2024-25,athletic_club,Athletic Club,ca_osasuna,CA Osasuna,0,0
2025-03-30,LALIGA,2024-25,valencia_cf,Valencia CF,rcd_mallorca,RCD Mallorca,1,0
2025-03-30,LALIGA,2024-25,real_betis_balompie,Real Betis Balompié,sevilla_fc,Sevilla FC,2,1
2025-03-30,SERIEA,2024-25,cagliari_calcio,Cagliari Calcio,ac_monza,AC Monza,3,0
2025-03-30,SERIEA,2024-25,acf_fiorentina,ACF Fiorentina,atalanta_bc,Atalanta BC,1,0
2025-03-30,SERIEA,2024-25,fc_internazionale_milano,FC Internazionale Milano,udinese_calcio,Udinese Calcio,2,1
2025-03-30,SERIEA,2024-25,ssc_napoli,SSC Napoli,ac_milan,AC Milan,2,1
2025-03-31,LALIGA,2024-25,rc_celta_de_vigo,RC Celta de Vigo,ud_las_palmas,UD Las Palmas,1,1
2025-03-31,SERIEA,2024-25,hellas_verona_fc,Hellas Verona FC,parma_calcio_1913,Parma Calcio 1913,0,0
2025-03-31,SERIEA,2024-25,ss_lazio,SS Lazio,torino_fc,Torino FC,1,1
2025-04-01,PREMIER,2024-25,arsenal_fc,Arsenal FC,fulham_fc,Fulham FC,2,1
2025-04-01,PREMIER,2024-25,wolverhampton_wanderers_fc,Wolverhampton Wanderers FC,west_ham_united_fc,West Ham United FC,1,0
2025-04-01,PREMIER,2024-25,nottingham_forest_fc,Nottingham Forest FC,manchester_united_fc,Manchester United FC,1,0
2025-04-02,PREMIER,2024-25,afc_bournemouth,AFC Bournemouth,ipswich_town_fc,Ipswich Town FC,1,2
2025-04-02,PREMIER,2024-25,brighton_hove_albion_fc,Brighton & Hove Albion FC,aston_villa_fc,Aston Villa FC,0,3
2025-04-02,PREMIER,2024-25,manchester_city_fc,Manchester City FC,leicester_city_fc,Leicester City FC,2,0
2025-04-02,PREMIER,2024-25,newcastle_united_fc,Newcastle United FC,brentford_fc,Brentford FC,2,1
2025-04-02,PREMIER,2024-25,southampton_fc,Southampton FC,crystal_palace_fc,Crystal Palace FC,1,1
2025-04-02,PREMIER,2024-25,liverpool_fc,Liverpool FC,everton_fc,Everton FC,1,0
2025-04-03,PREMIER,2024-25,chelsea_fc,Chelsea FC,tottenham_hotspur_fc,Tottenham Hotspur FC,1,0
2025-04-04,LALIGA,2024-25,rayo_vallecano_de_madrid,Rayo Vallecano de Madrid,rcd_espanyol_de_barcelona,RCD Espanyol de Barcelona,0,4
2025-04-04,SERIEA,2024-25,genoa_cfc,Genoa CFC,udinese_calcio,Udinese Calcio,1,0
2025-04-05,LALIGA,2024-25,girona_fc,Girona FC,deportivo_alaves,Deportivo Alavés,0,1
2025-04-05,LALIGA,2024-25,real_madrid_cf,Real Madrid CF,valencia_cf,Valencia CF,1,2
2025-04-05,LALIGA,2024-25,rcd_mallorca,RCD Mallorca,rc_celta_de_vigo,RC Celta de Vigo,1,2
2025-04-05,LALIGA,2024-25,fc_barcelona,FC Barcelona,real_betis_balompie,Real Betis Balompié,1,1
2025-04-05,PREMIER,2024-25,everton_fc,Everton FC,arsenal_fc,Arsenal FC,1,1
2025-04-05,PREMIER,2024-25,crystal_palace_fc,Crystal Palace FC,brighton_hove_albion_fc,Brighton & Hove Albion FC,2,1
2025-04-05,PREMIER,2024-25,ipswich_town_fc,Ipswich Town FC,wolverhampton_wanderers_fc,Wolverhampton Wanderers FC,1,2
2025-04-05,PREMIER,2024-25,west_ham_united_fc,West Ham United FC,afc_bournemouth,AFC Bournemouth,2,2
2025-04-05,PREMIER,2024-25,aston_villa_fc,Aston Villa FC,nottingham_forest_fc,Nottingham Forest FC,2,1
2025-04-05,SERIEA,2024-25,ac_monza,AC Monza,como_1907,Como 1907,1,3
2025-04-05,SERIEA,2024-25,parma_calcio_1913,Parma Calcio 1913,fc_internazionale_milano,FC Internazionale Milano,2,2
2025-04-05,SERIEA,2024-25,ac_milan,AC Milan,acf_fiorentina,ACF Fiorentina,2,2
2025-04-06,LALIGA,2024-25,ud_las_palmas,UD Las Palmas,real_sociedad_de_futbol,Real Sociedad de Fútbol,1,3
2025-04-06,LALIGA,2024-25,sevilla_fc,Sevilla FC,club_atletico_de_madrid,Club Atlético de Madrid,1,2
2025-04-06,LALIGA,2024-25,real_valladolid_cf,Real Valladolid CF,getafe_cf,Getafe CF,0,4
2025-04-06,LALIGA,2024-25,villarreal_cf,Villarreal CF,athletic_club,Athletic Club,0,0
2025-04-06,PREMIER,2024-25,brentford_fc,Brentford FC,chelsea_fc,Chelsea FC,0,0
2025-04-06,PREMIER,2024-25,fulham_fc,Fulham FC,liverpool_fc,Liverpool FC,3,2
2025-04-06,PREMIER,2024-25,tottenham_hotspur_fc,Tottenham Hotspur FC,southampton_fc,Southampton FC,3,1
2025-04-06,PREMIER,2024-25,manchester_united_fc,Manchester United FC,manchester_city_fc,Manchester City FC,0,0
2025-04-06,SERIEA,2024-25,us_lecce,US Lecce,venezia_fc,Venezia FC,1,1
2025-04-06,SERIEA,2024-25,empoli_fc,Empoli FC,cagliari_calcio,Cagliari Calcio,0,0
2025-04-06,SERIEA,2024-25,torino_fc,Torino FC,hellas_verona_fc,Hellas Verona FC,1,1
2025-04-06,SERIEA,2024-25,atalanta_bc,Atalanta BC,ss_lazio,SS Lazio,0,1
2025-04-06,SERIEA,2024-25,as_roma,AS Roma,juventus_fc,Juventus FC,1,1
2025-04-07,LALIGA,2024-25,cd_leganes,CD Leganés,ca_osasuna,CA Osasuna,1,1
2025-04-07,PREMIER,2024-25,leicester_city_fc,Leicester City FC,newcastle_united_fc,Newcastle United FC,0,3
2025-04-07,SERIEA,2024-25,bologna_fc_1909,Bologna FC 1909,ssc_napoli,SSC Napoli,1,1
2025-04-08,CHAMPIONS,2024-25,arsenal_fc,Arsenal FC,real_madrid_cf,Real Madrid CF,3,0
2025-04-08,CHAMPIONS,2024-25,fc_bayern_munchen,FC Bayern München,fc_internazionale_milano,FC Internazionale Milano,1,2
2025-04-09,CHAMPIONS,2024-25,paris_saint_germain_fc,Paris Saint-Germain FC,aston_villa_fc,Aston Villa FC,3,1
2025-04-09,CHAMPIONS,2024-25,fc_barcelona,FC Barcelona,borussia_dortmund,Borussia Dortmund,4,0
2025-04-11,LALIGA,2024-25,valencia_cf,Valencia CF,sevilla_fc,Sevilla FC,1,0
2025-04-11,SERIEA,2024-25,udinese_calcio,Udinese Calcio,ac_milan,AC Milan,0,4
2025-04-12,LALIGA,2024-25,real_sociedad_de_futbol,Real Sociedad de Fútbol,rcd_mallorca,RCD Mallorca,0,2
2025-04-12,LALIGA,2024-25,getafe_cf,Getafe CF,ud_las_palmas,UD Las Palmas,1,3
2025-04-12,LALIGA,2024-25,rc_celta_de_vigo,RC Celta de Vigo,rcd_espanyol_de_barcelona,RCD Espanyol de Barcelona,0,2
2025-04-12,LALIGA,2024-25,cd_leganes,CD Leganés,fc_barcelona,FC Barcelona,0,1
2025-04-12,PREMIER,2024-25,manchester_city_fc,Manchester City FC,crystal_palace_fc,Crystal Palace FC,5,2
2025-04-12,PREMIER,2024-25,brighton_hove_albion_fc,Brighton & Hove Albion FC,leicester_city_fc,Leicester City FC,2,2
2025-04-12,PREMIER,2024-25,nottingham_forest_fc,Nottingham Forest FC,everton_fc,Everton FC,0,1
2025-04-12,PREMIER,2024-25,southampton_fc,Southampton FC,aston_villa_fc,Aston Villa FC,0,3
2025-04-12,PREMIER,2024-25,arsenal_fc,Arsenal FC,brentford_fc,Brentford FC,1,1
2025-04-12,SERIEA,2024-25,venezia_fc,Venezia FC,ac_monza,AC Monza,1,0
2025-04-12,SERIEA,2024-25,fc_internazionale_milano,FC Internazionale Milano,cagliari_calcio,Cagliari Calcio,3,1
2025-04-12,SERIEA,2024-25,juventus_fc,Juventus FC,us_lecce,US Lecce,2,1
2025-04-13,LALIGA,2024-25,ca_osasuna,CA Osasuna,girona_fc,Girona FC,2,1
2025-04-13,LALIGA,2024-25,deportivo_alaves,Deportivo Alavés,real_madrid_cf,Real Madrid CF,0,1
2025-04-13,LALIGA,2024-25,real_betis_balompie,Real Betis Balompié,villarreal_cf,Villarreal CF,1,2
2025-04-13,LALIGA,2024-25,athletic_club,Athletic Club,rayo_vallecano_de_madrid,Rayo Vallecano de Madrid,3,1
2025-04-13,PREMIER,2024-25,chelsea_fc,Chelsea FC,ipswich_town_fc,Ipswich Town FC,2,2
2025-04-13,PREMIER,2024-25,liverpool_fc,Liverpool FC,west_ham_united_fc,West Ham United FC,2,1
2025-04-13,PREMIER,2024-25,wolverhampton_wanderers_fc,Wolverhampton Wanderers FC,tottenham_hotspur_fc,Tottenham Hotspur FC,4,2
2025-04-13,PREMIER,2024-25,newcastle_united_fc,Newcastle United FC,manchester_united_fc,Manchester United FC,4,1
2025-04-13,SERIEA,2024-25,atalanta_bc,Atalanta BC,bologna_fc_1909,Bologna FC 1909,2,0
2025-04-13,SERIEA,2024-25,acf_fiorentina,ACF Fiorentina,parma_calcio_1913,Parma Calcio 1913,0,0
2025-04-13,SERIEA,2024-25,hellas_verona_fc,Hellas Verona FC,genoa_cfc,Genoa CFC,0,0
2025-04-13,SERIEA,2024-25,como_1907,Como 1907,torino_fc,Torino FC,1,0
2025-04-13,SERIEA,2024-25,ss_lazio,SS Lazio,as_roma,AS Roma,1,1
2025-04-14,LALIGA,2024-25,club_atletico_de_madrid,Club Atlético de Madrid,real_valladolid_cf,Real Valladolid CF,4,2
2025-04-14,PREMIER,2024-25,afc_bournemouth,AFC Bournemouth,fulham_fc,Fulham FC,1,0
2025-04-14,SERIEA,2024-25,ssc_napoli,SSC Napoli,empoli_fc,Empoli FC,3,0
2025-04-15,CHAMPIONS,2024-25,aston_villa_fc,Aston Villa FC,paris_saint_germain_fc,Paris Saint-Germain FC,3,2
2025-04-15,CHAMPIONS,2024-25,borussia_dortmund,Borussia Dortmund,fc_barcelona,FC Barcelona,3,1
2025-04-16,CHAMPIONS,2024-25,real_madrid_cf,Real Madrid CF,arsenal_fc,Arsenal FC,1,2
2025-04-16,CHAMPIONS,2024-25,fc_internazionale_milano,FC Internazionale Milano,fc_bayern_munchen,FC Bayern München,2,2
2025-04-16,PREMIER,2024-25,newcastle_united_fc,Newcastle United FC,crystal_palace_fc,Crystal Palace FC,5,0
2025-04-18,LALIGA,2024-25,rcd_espanyol_de_barcelona,RCD Espanyol de Barcelona,getafe_cf,Getafe CF,1,0
2025-04-19,LALIGA,2024-25,rayo_vallecano_de_madrid,Rayo Vallecano de Madrid,valencia_cf,Valencia CF,1,1
2025-04-19,LALIGA,2024-25,fc_barcelona,FC Barcelona,rc_celta_de_vigo,RC Celta de Vigo,4,3
2025-04-19,LALIGA,2024-25,rcd_mallorca,RCD Mallorca,cd_leganes,CD Leganés,0,0
2025-04-19,LALIGA,2024-25,ud_las_palmas,UD Las Palmas,club_atletico_de_madrid,Club Atlético de Madrid,1,0
2025-04-19,PREMIER,2024-25,brentford_fc,Brentford FC,brighton_hove_albion_fc,Brighton & Hove Albion FC,4,2
2025-04-19,PREMIER,2024-25,crystal_palace_fc,Crystal Palace FC,afc_bournemouth,AFC Bournemouth,0,0
2025-04-19,PREMIER,2024-25,everton_fc,Everton FC,manchester_city_fc,Manchester City FC,0,2
2025-04-19,PREMIER,2024-25,west_ham_united_fc,West Ham United FC,southampton_fc,Southampton FC,1,1
2025-04-19,PREMIER,2024-25,aston_villa_fc,Aston Villa FC,newcastle_united_fc,Newcastle United FC,4,1
2025-04-19,SERIEA,2024-25,us_lecce,US Lecce,como_1907,Como 1907,0,3
2025-04-19,SERIEA,2024-25,ac_monza,AC Monza,ssc_napoli,SSC Napoli,0,1
2025-04-19,SERIEA,2024-25,as_roma,AS Roma,hellas_verona_fc,Hellas Verona FC,1,0
2025-04-20,LALIGA,2024-25,real_valladolid_cf,Real Valladolid CF,ca_osasuna,CA Osasuna,2,3
2025-04-20,LALIGA,2024-25,villarreal_cf,Villarreal CF,real_sociedad_de_futbol,Real Sociedad de Fútbol,2,2
2025-04-20,LALIGA,2024-25,sevilla_fc,Sevilla FC,deportivo_alaves,Deportivo Alavés,1,1
2025-04-20,LALIGA,2024-25,real_madrid_cf,Real Madrid CF,athletic_club,Athletic Club,1,0
2025-04-20,PREMIER,2024-25,fulham_fc,Fulham FC,chelsea_fc,Chelsea FC,1,2
2025-04-20,PREMIER,2024-25,ipswich_town_fc,Ipswich Town FC,arsenal_fc,Arsenal FC,0,4
2025-04-20,PREMIER,2024-25,manchester_united_fc,Manchester United FC,wolverhampton_wanderers_fc,Wolverhampton Wanderers FC,0,1
2025-04-20,PREMIER,2024-25,leicester_city_fc,Leicester City FC,liverpool_fc,Liverpool FC,0,1
2025-04-20,SERIEA,2024-25,empoli_fc,Empoli FC,venezia_fc,Venezia FC,2,2
2025-04-20,SERIEA,2024-25,bologna_fc_1909,Bologna FC 1909,fc_internazionale_milano,FC Internazionale Milano,1,0
2025-04-20,SERIEA,2024-25,ac_milan,AC Milan,atalanta_bc,Atalanta BC,0,1
2025-04-21,LALIGA,2024-25,girona_fc,Girona FC,real_betis_balompie,Real Betis Balompié,1,3
2025-04-21,PREMIER,2024-25,tottenham_hotspur_fc,Tottenham Hotspur FC,nottingham_forest_fc,Nottingham Forest FC,1,2
2025-04-22,LALIGA,2024-25,valencia_cf,Valencia CF,rcd_espanyol_de_barcelona,RCD Espanyol de Barcelona,1,1
2025-04-22,LALIGA,2024-25,fc_barcelona,FC Barcelona,rcd_mallorca,RCD Mallorca,1,0
2025-04-22,PREMIER,2024-25,manchester_city_fc,Manchester City FC,aston_villa_fc,Aston Villa FC,2,1
2025-04-23,LALIGA,2024-25,athletic_club,Athletic Club,ud_las_palmas,UD Las Palmas,1,0
2025-04-23,LALIGA,2024-25,rc_celta_de_vigo,RC Celta de Vigo,villarreal_cf,Villarreal CF,3,0
2025-04-23,LALIGA,2024-25,deportivo_alaves,Deportivo Alavés,real_sociedad_de_futbol,Real Sociedad de Fútbol,1,0
2025-04-23,LALIGA,2024-25,getafe_cf,Getafe CF,real_madrid_cf,Real Madrid CF,0,1
2025-04-23,PREMIER,2024-25,arsenal_fc,Arsenal FC,crystal_palace_fc,Crystal Palace FC,2,2
2025-04-23,SERIEA,2024-25,cagliari_calcio,Cagliari Calcio,acf_fiorentina,ACF Fiorentina,1,2
2025-04-23,SERIEA,2024-25,genoa_cfc,Genoa CFC,ss_lazio,SS Lazio,0,2
2025-04-23,SERIEA,2024-25,parma_calcio_1913,Parma Calcio 1913,juventus_fc,Juventus FC,1,0
2025-04-23,SERIEA,2024-25,torino_fc,Torino FC,udinese_calcio,Udinese Calcio,2,0
2025-04-24,LALIGA,2024-25,ca_osasuna,CA Osasuna,sevilla_fc,Sevilla FC,1,0
2025-04-24,LALIGA,2024-25,cd_leganes,CD Leganés,girona_fc,Girona FC,1,1
2025-04-24,LALIGA,2024-25,club_atletico_de_madrid,Club Atlético de Madrid,rayo_vallecano_de_madrid,Rayo Vallecano de Madrid,3,0
2025-04-24,LALIGA,2024-25,real_betis_balompie,Real Betis Balompié,real_valladolid_cf,Real Valladolid CF,5,1
2025-04-26,PREMIER,2024-25,chelsea_fc,Chelsea FC,everton_fc,Everton FC,1,0
2025-04-26,PREMIER,2024-25,brighton_hove_albion_fc,Brighton & Hove Albion FC,west_ham_united_fc,West Ham United FC,3,2
2025-04-26,PREMIER,2024-25,newcastle_united_fc,Newcastle United FC,ipswich_town_fc,Ipswich Town FC,3,0
2025-04-26,PREMIER,2024-25,southampton_fc,Southampton FC,fulham_fc,Fulham FC,1,2
2025-04-26,PREMIER,2024-25,wolverhampton_wanderers_fc,Wolverhampton Wanderers FC,leicester_city_fc,Leicester City FC,3,0
2025-04-27,LALIGA,2024-25,villarreal_cf,Villarreal CF,rcd_espanyol_de_barcelona,RCD Espanyol de Barcelona,1,0
2025-04-27,PREMIER,2024-25,afc_bournemouth,AFC Bournemouth,manchester_united_fc,Manchester United FC,1,1
2025-04-27,PREMIER,2024-25,liverpool_fc,Liverpool FC,tottenham_hotspur_fc,Tottenham Hotspur FC,5,1
2025-04-27,SERIEA,2024-25,como_1907,Como 1907,genoa_cfc,Genoa CFC,1,0
2025-04-27,SERIEA,2024-25,venezia_fc,Venezia FC,ac_milan,AC Milan,0,2
2025-04-27,SERIEA,2024-25,acf_fiorentina,ACF Fiorentina,empoli_fc,Empoli FC,2,1
2025-04-27,SERIEA,2024-25,fc_internazionale_milano,FC Internazionale Milano,as_roma,AS Roma,0,1
2025-04-27,SERIEA,2024-25,juventus_fc,Juventus FC,ac_monza,AC Monza,2,0
2025-04-27,SERIEA,2024-25,atalanta_bc,Atalanta BC,us_lecce,US Lecce,1,1
2025-04-27,SERIEA,2024-25,ssc_napoli,SSC Napoli,torino_fc,Torino FC,2,0
2025-04-28,SERIEA,2024-25,udinese_calcio,Udinese Calcio,bologna_fc_1909,Bologna FC 1909,0,0
2025-04-28,SERIEA,2024-25,hellas_verona_fc,Hellas Verona FC,cagliari_calcio,Cagliari Calcio,0,2
2025-04-28,SERIEA,2024-25,ss_lazio,SS Lazio,parma_calcio_1913,Parma Calcio 1913,2,2
2025-04-29,CHAMPIONS,2024-25,arsenal_fc,Arsenal FC,paris_saint_germain_fc,Paris Saint-Germain FC,0,1
2025-04-30,CHAMPIONS,2024-25,fc_barcelona,FC Barcelona,fc_internazionale_milano,FC Internazionale Milano,3,3
2025-05-01,PREMIER,2024-25,nottingham_forest_fc,Nottingham Forest FC,brentford_fc,Brentford FC,0,2
2025-05-02,LALIGA,2024-25,rayo_vallecano_de_madrid,Rayo Vallecano de Madrid,getafe_cf,Getafe CF,1,0
2025-05-02,PREMIER,2024-25,manchester_city_fc,Manchester City FC,wolverhampton_wanderers_fc,Wolverhampton Wanderers FC,1,0
2025-05-02,SERIEA,2024-25,torino_fc,Torino FC,venezia_fc,Venezia FC,1,1
2025-05-03,LALIGA,2024-25,deportivo_alaves,Deportivo Alavés,club_atletico_de_madrid,Club Atlético de Madrid,0,0
2025-05-03,LALIGA,2024-25,villarreal_cf,Villarreal CF,ca_osasuna,CA Osasuna,4,2
2025-05-03,LALIGA,2024-25,ud_las_palmas,UD Las Palmas,valencia_cf,Valencia CF,2,3
2025-05-03,LALIGA,2024-25,real_valladolid_cf,Real Valladolid CF,fc_barcelona,FC Barcelona,1,2
2025-05-03,PREMIER,2024-25,aston_villa_fc,Aston Villa FC,fulham_fc,Fulham FC,1,0
2025-05-03,PREMIER,2024-25,everton_fc,Everton FC,ipswich_town_fc,Ipswich Town FC,2,2
2025-05-03,PREMIER,2024-25,leicester_city_fc,Leicester City FC,southampton_fc,Southampton FC,2,0
2025-05-03,PREMIER,2024-25,arsenal_fc,Arsenal FC,afc_bournemouth,AFC Bournemouth,1,2
2025-05-03,SERIEA,2024-25,cagliari_calcio,Cagliari Calcio,udinese_calcio,Udinese Calcio,1,2
2025-05-03,SERIEA,2024-25,parma_calcio_1913,Parma Calcio 1913,como_1907,Como 1907,0,1
2025-05-03,SERIEA,2024-25,us_lecce,US Lecce,ssc_napoli,SSC Napoli,0,1
2025-05-03,SERIEA,2024-25,fc_internazionale_milano,FC Internazionale Milano,hellas_verona_fc,Hellas Verona FC,1,0
2025-05-04,LALIGA,2024-25,real_madrid_cf,Real Madrid CF,rc_celta_de_vigo,RC Celta de Vigo,3,2
2025-05-04,LALIGA,2024-25,sevilla_fc,Sevilla FC,cd_leganes,CD Leganés,2,2
2025-05-04,LALIGA,2024-25,rcd_espanyol_de_barcelona,RCD Espanyol de Barcelona,real_betis_balompie,Real Betis Balompié,1,2
2025-05-04,LALIGA,2024-25,real_sociedad_de_futbol,Real Sociedad de Fútbol,athletic_club,Athletic Club,0,0
2025-05-04,PREMIER,2024-25,brentford_fc,Brentford FC,manchester_united_fc,Manchester United FC,4,3
2025-05-04,PREMIER,2024-25,brighton_hove_albion_fc,Brighton & Hove Albion FC,newcastle_united_fc,Newcastle United FC,1,1
2025-05-04,PREMIER,2024-25,west_ham_united_fc,West Ham United FC,tottenham_hotspur_fc,Tottenham Hotspur FC,1,1
2025-05-04,PREMIER,2024-25,chelsea_fc,Chelsea FC,liverpool_fc,Liverpool FC,3,1
2025-05-04,SERIEA,2024-25,empoli_fc,Empoli FC,ss_lazio,SS Lazio,0,1
2025-05-04,SERIEA,2024-25,ac_monza,AC Monza,atalanta_bc,Atalanta BC,0,4
2025-05-04,SERIEA,2024-25,as_roma,AS Roma,acf_fiorentina,ACF Fiorentina,1,0
2025-05-04,SERIEA,2024-25,bologna_fc_1909,Bologna FC 1909,juventus_fc,Juventus FC,1,1
2025-05-05,LALIGA,2024-25,girona_fc,Girona FC,rcd_mallorca,RCD Mallorca,1,0
2025-05-05,PREMIER,2024-25,crystal_palace_fc,Crystal Palace FC,nottingham_forest_fc,Nottingham Forest FC,1,1
2025-05-05,SERIEA,2024-25,genoa_cfc,Genoa CFC,ac_milan,AC Milan,1,2
2025-05-06,CHAMPIONS,2024-25,fc_internazionale_milano,FC Internazionale Milano,fc_barcelona,FC Barcelona,4,3
2025-05-07,CHAMPIONS,2024-25,paris_saint_germain_fc,Paris Saint-Germain FC,arsenal_fc,Arsenal FC,2,1
2025-05-09,LALIGA,2024-25,ud_las_palmas,UD Las Palmas,rayo_vallecano_de_madrid,Rayo Vallecano de Madrid,0,1
2025-05-09,SERIEA,2024-25,ac_milan,AC Milan,bologna_fc_1909,Bologna FC 1909,3,1
2025-05-10,LALIGA,2024-25,valencia_cf,Valencia CF,getafe_cf,Getafe CF,3,0
2025-05-10,LALIGA,2024-25,rc_celta_de_vigo,RC Celta de Vigo,sevilla_fc,Sevilla FC,3,2
2025-05-10,LALIGA,2024-25,girona_fc,Girona FC,villarreal_cf,Villarreal CF,0,1
2025-05-10,LALIGA,2024-25,rcd_mallorca,RCD Mallorca,real_valladolid_cf,Real Valladolid CF,2,1
2025-05-10,LALIGA,2024-25,club_atletico_de_madrid,Club Atlético de Madrid,real_sociedad_de_futbol,Real Sociedad de Fútbol,4,0
2025-05-10,PREMIER,2024-25,fulham_fc,Fulham FC,everton_fc,Everton FC,1,3
2025-05-10,PREMIER,2024-25,ipswich_town_fc,Ipswich Town FC,brentford_fc,Brentford FC,0,1
2025-05-10,PREMIER,2024-25,southampton_fc,Southampton FC,manchester_city_fc,Manchester City FC,0,0
2025-05-10,PREMIER,2024-25,wolverhampton_wanderers_fc,Wolverhampton Wanderers FC,brighton_hove_albion_fc,Brighton & Hove Albion FC,0,2
2025-05-10,PREMIER,2024-25,afc_bournemouth,AFC Bournemouth,aston_villa_fc,Aston Villa FC,0,1
2025-05-10,SERIEA,2024-25,como_1907,Como 1907,cagliari_calcio,Cagliari Calcio,3,1
2025-05-10,SERIEA,2024-25,ss_lazio,SS Lazio,juventus_fc,Juventus FC,1,1
2025-05-10,SERIEA,2024-25,empoli_fc,Empoli FC,parma_calcio_1913,Parma Calcio 1913,2,1
2025-05-11,LALIGA,2024-25,cd_leganes,CD Leganés,rcd_espanyol_de_barcelona,RCD Espanyol de Barcelona,3,2
2025-05-11,LALIGA,2024-25,fc_barcelona,FC Barcelona,real_madrid_cf,Real Madrid CF,4,3
2025-05-11,LALIGA,2024-25,athletic_club,Athletic Club,deportivo_alaves,Deportivo Alavés,1,0
2025-05-11,LALIGA,2024-25,real_betis_balompie,Real Betis Balompié,ca_osasuna,CA Osasuna,1,1
2025-05-11,PREMIER,2024-25,newcastle_united_fc,Newcastle United FC,chelsea_fc,Chelsea FC,2,0
2025-05-11,PREMIER,2024-25,manchester_united_fc,Manchester United FC,west_ham_united_fc,West Ham United FC,0,2
2025-05-11,PREMIER,2024-25,nottingham_forest_fc,Nottingham Forest FC,leicester_city_fc,Leicester City FC,2,2
2025-05-11,PREMIER,2024-25,tottenham_hotspur_fc,Tottenham Hotspur FC,crystal_palace_fc,Crystal Palace FC,0,2
2025-05-11,PREMIER,2024-25,liverpool_fc,Liverpool FC,arsenal_fc,Arsenal FC,2,2
2025-05-11,SERIEA,2024-25,udinese_calcio,Udinese Calcio,ac_monza,AC Monza,1,2
2025-05-11,SERIEA,2024-25,hellas_verona_fc,Hellas Verona FC,us_lecce,US Lecce,1,1
2025-05-11,SERIEA,2024-25,torino_fc,Torino FC,fc_internazionale_milano,FC Internazionale Milano,0,2
2025-05-11,SERIEA,2024-25,ssc_napoli,SSC Napoli,genoa_cfc,Genoa CFC,2,2
2025-05-12,SERIEA,2024-25,venezia_fc,Venezia FC,acf_fiorentina,ACF Fiorentina,2,1
2025-05-12,SERIEA,2024-25,atalanta_bc,Atalanta BC,as_roma,AS Roma,2,1
2025-05-13,LALIGA,2024-25,real_valladolid_cf,Real Valladolid CF,girona_fc,Girona FC,0,1
2025-05-13,LALIGA,2024-25,real_sociedad_de_futbol,Real Sociedad de Fútbol,rc_celta_de_vigo,RC Celta de Vigo,0,1
2025-05-13,LALIGA,2024-25,sevilla_fc,Sevilla FC,ud_las_palmas,UD Las Palmas,1,0
2025-05-14,LALIGA,2024-25,deportivo_alaves,Deportivo Alavés,valencia_cf,Valencia CF,1,0
2025-05-14,LALIGA,2024-25,villarreal_cf,Villarreal CF,cd_leganes,CD Leganés,3,0
2025-05-14,LALIGA,2024-25,real_madrid_cf,Real Madrid CF,rcd_mallorca,RCD Mallorca,2,1
2025-05-15,LALIGA,2024-25,ca_osasuna,CA Osasuna,club_atletico_de_madrid,Club Atlético de Madrid,2,0
2025-05-15,LALIGA,2024-25,rayo_vallecano_de_madrid,Rayo Vallecano de Madrid,real_betis_balompie,Real Betis Balompié,2,2
2025-05-15,LALIGA,2024-25,getafe_cf,Getafe CF,athletic_club,Athletic Club,0,2
2025-05-15,LALIGA,2024-25,rcd_espanyol_de_barcelona,RCD Espanyol de Barcelona,fc_barcelona,FC Barcelona,0,2
2025-05-16,PREMIER,2024-25,aston_villa_fc,Aston Villa FC,tottenham_hotspur_fc,Tottenham Hotspur FC,2,0
2025-05-16,PREMIER,2024-25,chelsea_fc,Chelsea FC,manchester_united_fc,Manchester United FC,1,0
2025-05-17,SERIEA,2024-25,genoa_cfc,Genoa CFC,atalanta_bc,Atalanta BC,2,3
2025-05-18,LALIGA,2024-25,club_atletico_de_madrid,Club Atlético de Madrid,real_betis_balompie,Real Betis Balompié,4,1
2025-05-18,LALIGA,2024-25,rc_celta_de_vigo,RC Celta de Vigo,rayo_vallecano_de_madrid,Rayo Vallecano de Madrid,1,2
2025-05-18,LALIGA,2024-25,fc_barcelona,FC Barcelona,villarreal_cf,Villarreal CF,2,3
2025-05-18,LALIGA,2024-25,sevilla_fc,Sevilla FC,real_madrid_cf,Real Madrid CF,0,2
2025-05-18,LALIGA,2024-25,valencia_cf,Valencia CF,athletic_club,Athletic Club,0,1
2025-05-18,LALIGA,2024-25,rcd_mallorca,RCD Mallorca,getafe_cf,Getafe CF,1,2
2025-05-18,LALIGA,2024-25,real_sociedad_de_futbol,Real Sociedad de Fútbol,girona_fc,Girona FC,3,2
2025-05-18,LALIGA,2024-25,real_valladolid_cf,Real Valladolid CF,deportivo_alaves,Deportivo Alavés,0,1
2025-05-18,LALIGA,2024-25,ud_las_palmas,UD Las Palmas,cd_leganes,CD Leganés,0,1
2025-05-18,LALIGA,2024-25,ca_osasuna,CA Osasuna,rcd_espanyol_de_barcelona,RCD Espanyol de Barcelona,2,0
2025-05-18,PREMIER,2024-25,everton_fc,Everton FC,southampton_fc,Southampton FC,2,0
2025-05-18,PREMIER,2024-25,west_ham_united_fc,West Ham United FC,nottingham_forest_fc,Nottingham Forest FC,1,2
2025-05-18,PREMIER,2024-25,brentford_fc,Brentford FC,fulham_fc,Fulham FC,2,3
2025-05-18,PREMIER,2024-25,leicester_city_fc,Leicester City FC,ipswich_town_fc,Ipswich Town FC,2,0
2025-05-18,PREMIER,2024-25,arsenal_fc,Arsenal FC,newcastle_united_fc,Newcastle United FC,1,0
2025-05-18,SERIEA,2024-25,cagliari_calcio,Cagliari Calcio,venezia_fc,Venezia FC,3,0
2025-05-18,SERIEA,2024-25,acf_fiorentina,ACF Fiorentina,bologna_fc_1909,Bologna FC 1909,3,2
2025-05-18,SERIEA,2024-25,hellas_verona_fc,Hellas Verona FC,como_1907,Como 1907,1,1
2025-05-18,SERIEA,2024-25,fc_internazionale_milano,FC Internazionale Milano,ss_lazio,SS Lazio,2,2
2025-05-18,SERIEA,2024-25,juventus_fc,Juventus FC,udinese_calcio,Udinese Calcio,2,0
2025-05-18,SERIEA,2024-25,us_lecce,US Lecce,torino_fc,Torino FC,1,0
2025-05-18,SERIEA,2024-25,ac_monza,AC Monza,empoli_fc,Empoli FC,1,3
2025-05-18,SERIEA,2024-25,parma_calcio_1913,Parma Calcio 1913,ssc_napoli,SSC Napoli,0,0
2025-05-18,SERIEA,2024-25,as_roma,AS Roma,ac_milan,AC Milan,3,1
2025-05-19,PREMIER,2024-25,brighton_hove_albion_fc,Brighton & Hove Albion FC,liverpool_fc,Liverpool FC,3,2
2025-05-20,PREMIER,2024-25,crystal_palace_fc,Crystal Palace FC,wolverhampton_wanderers_fc,Wolverhampton Wanderers FC,4,2
2025-05-20,PREMIER,2024-25,manchester_city_fc,Manchester City FC,afc_bournemouth,AFC Bournemouth,3,1
2025-05-23,LALIGA,2024-25,real_betis_balompie,Real Betis Balompié,valencia_cf,Valencia CF,1,1
2025-05-23,SERIEA,2024-25,como_1907,Como 1907,fc_internazionale_milano,FC Internazionale Milano,0,2
2025-05-23,SERIEA,2024-25,ssc_napoli,SSC Napoli,cagliari_calcio,Cagliari Calcio,2,0
2025-05-24,LALIGA,2024-25,real_madrid_cf,Real Madrid CF,real_sociedad_de_futbol,Real Sociedad de Fútbol,2,0
2025-05-24,LALIGA,2024-25,cd_leganes,CD Leganés,real_valladolid_cf,Real Valladolid CF,3,0
2025-05-24,LALIGA,2024-25,rcd_espanyol_de_barcelona,RCD Espanyol de Barcelona,ud_las_palmas,UD Las Palmas,2,0
2025-05-24,LALIGA,2024-25,deportivo_alaves,Deportivo Alavés,ca_osasuna,CA Osasuna,1,1
2025-05-24,LALIGA,2024-25,getafe_cf,Getafe CF,rc_celta_de_vigo,RC Celta de Vigo,1,2
2025-05-24,LALIGA,2024-25,rayo_vallecano_de_madrid,Rayo Vallecano de Madrid,rcd_mallorca,RCD Mallorca,0,0
2025-05-24,SERIEA,2024-25,bologna_fc_1909,Bologna FC 1909,genoa_cfc,Genoa CFC,1,3
2025-05-24,SERIEA,2024-25,ac_milan,AC Milan,ac_monza,AC Monza,2,0
2025-05-25,LALIGA,2024-25,girona_fc,Girona FC,club_atletico_de_madrid,Club Atlético de Madrid,0,4
2025-05-25,LALIGA,2024-25,villarreal_cf,Villarreal CF,sevilla_fc,Sevilla FC,4,2
2025-05-25,LALIGA,2024-25,athletic_club,Athletic Club,fc_barcelona,FC Barcelona,0,3
2025-05-25,PREMIER,2024-25,afc_bournemouth,AFC Bournemouth,leicester_city_fc,Leicester City FC,2,0
2025-05-25,PREMIER,2024-25,fulham_fc,Fulham FC,manchester_city_fc,Manchester City FC,0,2
2025-05-25,PREMIER,2024-25,ipswich_town_fc,Ipswich Town FC,west_ham_united_fc,West Ham United FC,1,3
2025-05-25,PREMIER,2024-25,liverpool_fc,Liverpool FC,crystal_palace_fc,Crystal Palace FC,1,1
2025-05-25,PREMIER,2024-25,manchester_united_fc,Manchester United FC,aston_villa_fc,Aston Villa FC,2,0
2025-05-25,PREMIER,2024-25,newcastle_united_fc,Newcastle United FC,everton_fc,Everton FC,0,1
2025-05-25,PREMIER,2024-25,nottingham_forest_fc,Nottingham Forest FC,chelsea_fc,Chelsea FC,0,1
2025-05-25,PREMIER,2024-25,southampton_fc,Southampton FC,arsenal_fc,Arsenal FC,1,2
2025-05-25,PREMIER,2024-25,tottenham_hotspur_fc,Tottenham Hotspur FC,brighton_hove_albion_fc,Brighton & Hove Albion FC,1,4
2025-05-25,PREMIER,2024-25,wolverhampton_wanderers_fc,Wolverhampton Wanderers FC,brentford_fc,Brentford FC,1,1
2025-05-25,SERIEA,2024-25,atalanta_bc,Atalanta BC,parma_calcio_1913,Parma Calcio 1913,2,3
2025-05-25,SERIEA,2024-25,empoli_fc,Empoli FC,hellas_verona_fc,Hellas Verona FC,1,2
2025-05-25,SERIEA,2024-25,ss_lazio,SS Lazio,us_lecce,US Lecce,0,1
2025-05-25,SERIEA,2024-25,torino_fc,Torino FC,as_roma,AS Roma,0,2
2025-05-25,SERIEA,2024-25,udinese_calcio,Udinese Calcio,acf_fiorentina,ACF Fiorentina,2,3
2025-05-25,SERIEA,2024-25,venezia_fc,Venezia FC,juventus_fc,Juventus FC,2,3
2025-05-31,CHAMPIONS,2024-25,paris_saint_germain_fc,Paris Saint-Germain FC,fc_internazionale_milano,FC Internazionale Milano,5,0
2025-08-15,LALIGA,2025-26,girona_fc,Girona FC,rayo_vallecano_de_madrid,Rayo Vallecano de Madrid,1,3
2025-08-15,LALIGA,2025-26,villarreal_cf,Villarreal CF,real_oviedo,Real Oviedo,2,0
2025-08-15,PREMIER,2025-26,liverpool_fc,Liverpool FC,afc_bournemouth,AFC Bournemouth,4,2
2025-08-16,LALIGA,2025-26,rcd_mallorca,RCD Mallorca,fc_barcelona,FC Barcelona,0,3
2025-08-16,LALIGA,2025-26,deportivo_alaves,Deportivo Alavés,levante_ud,Levante UD,2,1
2025-08-16,LALIGA,2025-26,valencia_cf,Valencia CF,real_sociedad_de_futbol,Real Sociedad de Fútbol,1,1
2025-08-16,PREMIER,2025-26,aston_villa_fc,Aston Villa FC,newcastle_united_fc,Newcastle United FC,0,0
2025-08-16,PREMIER,2025-26,brighton_hove_albion_fc,Brighton & Hove Albion FC,fulham_fc,Fulham FC,1,1
2025-08-16,PREMIER,2025-26,sunderland_afc,Sunderland AFC,west_ham_united_fc,West Ham United FC,3,0
2025-08-16,PREMIER,2025-26,tottenham_hotspur_fc,Tottenham Hotspur FC,burnley_fc,Burnley FC,3,0
2025-08-16,PREMIER,2025-26,wolverhampton_wanderers_fc,Wolverhampton Wanderers FC,manchester_city_fc,Manchester City FC,0,4
2025-08-17,LALIGA,2025-26,rc_celta_de_vigo,RC Celta de Vigo,getafe_cf,Getafe CF,0,2
2025-08-17,LALIGA,2025-26,athletic_club,Athletic Club,sevilla_fc,Sevilla FC,3,2
2025-08-17,LALIGA,2025-26,rcd_espanyol_de_barcelona,RCD Espanyol de Barcelona,club_atletico_de_madrid,Club Atlético de Madrid,2,1
2025-08-17,PREMIER,2025-26,nottingham_forest_fc,Nottingham Forest FC,brentford_fc,Brentford FC,3,1
2025-08-17,PREMIER,2025-26,chelsea_fc,Chelsea FC,crystal_palace_fc,Crystal Palace FC,0,0
2025-08-17,PREMIER,2025-26,manchester_united_fc,Manchester United FC,arsenal_fc,Arsenal FC,0,1
2025-08-18,LALIGA,2025-26,elche_cf,Elche CF,real_betis_balompie,Real Betis Balompié,1,1
2025-08-18,PREMIER,2025-26,leeds_united_fc,Leeds United FC,everton_fc,Everton FC,1,0
2025-08-19,LALIGA,2025-26,real_madrid_cf,Real Madrid CF,ca_osasuna,CA Osasuna,1,0
2025-08-22,LALIGA,2025-26,real_betis_balompie,Real Betis Balompié,deportivo_alaves,Deportivo Alavés,1,0
2025-08-22,PREMIER,2025-26,west_ham_united_fc,West Ham United FC,chelsea_fc,Chelsea FC,1,5
2025-08-23,LALIGA,2025-26,rcd_mallorca,RCD Mallorca,rc_celta_de_vigo,RC Celta de Vigo,1,1
2025-08-23,LALIGA,2025-26,club_atletico_de_madrid,Club Atlético de Madrid,elche_cf,Elche CF,1,1
2025-08-23,LALIGA,2025-26,levante_ud,Levante UD,fc_barcelona,FC Barcelona,2,3
2025-08-23,PREMIER,2025-26,manchester_city_fc,Manchester City FC,tottenham_hotspur_fc,Tottenham Hotspur FC,0,2
2025-08-23,PREMIER,2025-26,afc_bournemouth,AFC Bournemouth,wolverhampton_wanderers_fc,Wolverhampton Wanderers FC,1,0
2025-08-23,PREMIER,2025-26,brentford_fc,Brentford FC,aston_villa_fc,Aston Villa FC,1,0
2025-08-23,PREMIER,2025-26,burnley_fc,Burnley FC,sunderland_afc,Sunderland AFC,2,0
2025-08-23,PREMIER,2025-26,arsenal_fc,Arsenal FC,leeds_united_fc,Leeds United FC,5,0
2025-08-23,SERIEA,2025-26,genoa_cfc,Genoa CFC,us_lecce,US Lecce,0,0
2025-08-23,SERIEA,2025-26,us_sassuolo_calcio,US Sassuolo Calcio,ssc_napoli,SSC Napoli,0,2
2025-08-23,SERIEA,2025-26,ac_milan,AC Milan,us_cremonese,US Cremonese,1,2
2025-08-23,SERIEA,2025-26,as_roma,AS Roma,bologna_fc_1909,Bologna FC 1909,1,0
2025-08-24,LALIGA,2025-26,ca_osasuna,CA Osasuna,valencia_cf,Valencia CF,1,0
2025-08-24,LALIGA,2025-26,real_sociedad_de_futbol,Real Sociedad de Fútbol,rcd_espanyol_de_barcelona,RCD Espanyol de Barcelona,2,2
2025-08-24,LALIGA,2025-26,villarreal_cf,Villarreal CF,girona_fc,Girona FC,5,0
2025-08-24,LALIGA,2025-26,real_oviedo,Real Oviedo,real_madrid_cf,Real Madrid CF,0,3
2025-08-24,PREMIER,2025-26,crystal_palace_fc,Crystal Palace FC,nottingham_forest_fc,Nottingham Forest FC,1,1
2025-08-24,PREMIER,2025-26,everton_fc,Everton FC,brighton_hove_albion_fc,Brighton & Hove Albion FC,2,0
2025-08-24,PREMIER,2025-26,fulham_fc,Fulham FC,manchester_united_fc,Manchester United FC,1,1
2025-08-24,SERIEA,2025-26,cagliari_calcio,Cagliari Calcio,acf_fiorentina,ACF Fiorentina,1,1
2025-08-24,SERIEA,2025-26,como_1907,Como 1907,ss_lazio,SS Lazio,2,0
2025-08-24,SERIEA,2025-26,atalanta_bc,Atalanta BC,ac_pisa_1909,AC Pisa 1909,1,1
2025-08-24,SERIEA,2025-26,juventus_fc,Juventus FC,parma_calcio_1913,Parma Calcio 1913,2,0
2025-08-25,LALIGA,2025-26,athletic_club,Athletic Club,rayo_vallecano_de_madrid,Rayo Vallecano de Madrid,1,0
2025-08-25,LALIGA,2025-26,sevilla_fc,Sevilla FC,getafe_cf,Getafe CF,1,2
2025-08-25,PREMIER,2025-26,newcastle_united_fc,Newcastle United FC,liverpool_fc,Liverpool FC,2,3
2025-08-25,SERIEA,2025-26,udinese_calcio,Udinese Calcio,hellas_verona_fc,Hellas Verona FC,1,1
2025-08-25,SERIEA,2025-26,fc_internazionale_milano,FC Internazionale Milano,torino_fc,Torino FC,5,0
2025-08-27,LALIGA,2025-26,rc_celta_de_vigo,RC Celta de Vigo,real_betis_balompie,Real Betis Balompié,1,1
2025-08-29,LALIGA,2025-26,elche_cf,Elche CF,levante_ud,Levante UD,2,0
2025-08-29,LALIGA,2025-26,valencia_cf,Valencia CF,getafe_cf,Getafe CF,3,0
2025-08-29,SERIEA,2025-26,us_cremonese,US Cremonese,us_sassuolo_calcio,US Sassuolo Calcio,3,2
2025-08-29,SERIEA,2025-26,us_lecce,US Lecce,ac_milan,AC Milan,0,2
2025-08-30,LALIGA,2025-26,deportivo_alaves,Deportivo Alavés,club_atletico_de_madrid,Club Atlético de Madrid,1,1
2025-08-30,LALIGA,2025-26,real_oviedo,Real Oviedo,real_sociedad_de_futbol,Real Sociedad de Fútbol,1,0
2025-08-30,LALIGA,2025-26,girona_fc,Girona FC,sevilla_fc,Sevilla FC,0,2
2025-08-30,LALIGA,2025-26,real_madrid_cf,Real Madrid CF,rcd_mallorca,RCD Mallorca,2,1
2025-08-30,PREMIER,2025-26,chelsea_fc,Chelsea FC,fulham_fc,Fulham FC,2,0
2025-08-30,PREMIER,2025-26,sunderland_afc,Sunderland AFC,brentford_fc,Brentford FC,2,1
2025-08-30,PREMIER,2025-26,manchester_united_fc,Manchester United FC,burnley_fc,Burnley FC,3,2
2025-08-30,PREMIER,2025-26,tottenham_hotspur_fc,Tottenham Hotspur FC,afc_bournemouth,AFC Bournemouth,0,1
2025-08-30,PREMIER,2025-26,wolverhampton_wanderers_fc,Wolverhampton Wanderers FC,everton_fc,Everton FC,2,3
2025-08-30,PREMIER,2025-26,leeds_united_fc,Leeds United FC,newcastle_united_fc,Newcastle United FC,0,0
2025-08-30,SERIEA,2025-26,bologna_fc_1909,Bologna FC 1909,como_1907,Como 1907,1,0
2025-08-30,SERIEA,2025-26,parma_calcio_1913,Parma Calcio 1913,atalanta_bc,Atalanta BC,1,1
2025-08-30,SERIEA,2025-26,ssc_napoli,SSC Napoli,cagliari_calcio,Cagliari Calcio,1,0
2025-08-30,SERIEA,2025-26,ac_pisa_1909,AC Pisa 1909,as_roma,AS Roma,0,1
2025-08-31,LALIGA,2025-26,rc_celta_de_vigo,RC Celta de Vigo,villarreal_cf,Villarreal CF,1,1
2025-08-31,LALIGA,2025-26,real_betis_balompie,Real Betis Balompié,athletic_club,Athletic Club,1,2
2025-08-31,LALIGA,2025-26,rcd_espanyol_de_barcelona,RCD Espanyol de Barcelona,ca_osasuna,CA Osasuna,1,0
2025-08-31,LALIGA,2025-26,rayo_vallecano_de_madrid,Rayo Vallecano de Madrid,fc_barcelona,FC Barcelona,1,1
2025-08-31,PREMIER,2025-26,brighton_hove_albion_fc,Brighton & Hove Albion FC,manchester_city_fc,Manchester City FC,2,1
2025-08-31,PREMIER,2025-26,nottingham_forest_fc,Nottingham Forest FC,west_ham_united_fc,West Ham United FC,0,3
2025-08-31,PREMIER,2025-26,liverpool_fc,Liverpool FC,arsenal_fc,Arsenal FC,1,0
2025-08-31,PREMIER,2025-26,aston_villa_fc,Aston Villa FC,crystal_palace_fc,Crystal Palace FC,0,3
2025-08-31,SERIEA,2025-26,genoa_cfc,Genoa CFC,juventus_fc,Juventus FC,0,1
2025-08-31,SERIEA,2025-26,torino_fc,Torino FC,acf_fiorentina,ACF Fiorentina,0,0
2025-08-31,SERIEA,2025-26,fc_internazionale_milano,FC Internazionale Milano,udinese_calcio,Udinese Calcio,1,2
2025-08-31,SERIEA,2025-26,ss_lazio,SS Lazio,hellas_verona_fc,Hellas Verona FC,4,0
2025-09-12,LALIGA,2025-26,sevilla_fc,Sevilla FC,elche_cf,Elche CF,2,2
2025-09-13,LALIGA,2025-26,getafe_cf,Getafe CF,real_oviedo,Real Oviedo,2,0
2025-09-13,LALIGA,2025-26,real_sociedad_de_futbol,Real Sociedad de Fútbol,real_madrid_cf,Real Madrid CF,1,2
2025-09-13,LALIGA,2025-26,athletic_club,Athletic Club,deportivo_alaves,Deportivo Alavés,0,1
2025-09-13,LALIGA,2025-26,club_atletico_de_madrid,Club Atlético de Madrid,villarreal_cf,Villarreal CF,2,0
2025-09-13,PREMIER,2025-26,arsenal_fc,Arsenal FC,nottingham_forest_fc,Nottingham Forest FC,3,0
2025-09-13,PREMIER,2025-26,afc_bournemouth,AFC Bournemouth,brighton_hove_albion_fc,Brighton & Hove Albion FC,2,1
2025-09-13,PREMIER,2025-26,crystal_palace_fc,Crystal Palace FC,sunderland_afc,Sunderland AFC,0,0
2025-09-13,PREMIER,2025-26,everton_fc,Everton FC,aston_villa_fc,Aston Villa FC,0,0
2025-09-13,PREMIER,2025-26,fulham_fc,Fulham FC,leeds_united_fc,Leeds United FC,1,0
2025-09-13,PREMIER,2025-26,newcastle_united_fc,Newcastle United FC,wolverhampton_wanderers_fc,Wolverhampton Wanderers FC,1,0
2025-09-13,PREMIER,2025-26,west_ham_united_fc,West Ham United FC,tottenham_hotspur_fc,Tottenham Hotspur FC,0,3
2025-09-13,PREMIER,2025-26,brentford_fc,Brentford FC,chelsea_fc,Chelsea FC,2,2
2025-09-13,SERIEA,2025-26,cagliari_calcio,Cagliari Calcio,parma_calcio_1913,Parma Calcio 1913,2,0
2025-09-13,SERIEA,2025-26,juventus_fc,Juventus FC,fc_internazionale_milano,FC Internazionale Milano,4,3
2025-09-13,SERIEA,2025-26,acf_fiorentina,ACF Fiorentina,ssc_napoli,SSC Napoli,1,3
2025-09-14,LALIGA,2025-26,rc_celta_de_vigo,RC Celta de Vigo,girona_fc,Girona FC,1,1
2025-09-14,LALIGA,2025-26,levante_ud,Levante UD,real_betis_balompie,Real Betis Balompié,2,2
2025-09-14,LALIGA,2025-26,ca_osasuna,CA Osasuna,rayo_vallecano_de_madrid,Rayo Vallecano de Madrid,2,0
2025-09-14,LALIGA,2025-26,fc_barcelona,FC Barcelona,valencia_cf,Valencia CF,6,0
2025-09-14,PREMIER,2025-26,burnley_fc,Burnley FC,liverpool_fc,Liverpool FC,0,1
2025-09-14,PREMIER,2025-26,manchester_city_fc,Manchester City FC,manchester_united_fc,Manchester United FC,3,0
2025-09-14,SERIEA,2025-26,as_roma,AS Roma,torino_fc,Torino FC,0,1
2025-09-14,SERIEA,2025-26,atalanta_bc,Atalanta BC,us_lecce,US Lecce,4,1
2025-09-14,SERIEA,2025-26,ac_pisa_1909,AC Pisa 1909,udinese_calcio,Udinese Calcio,0,1
2025-09-14,SERIEA,2025-26,us_sassuolo_calcio,US Sassuolo Calcio,ss_lazio,SS Lazio,1,0
2025-09-14,SERIEA,2025-26,ac_milan,AC Milan,bologna_fc_1909,Bologna FC 1909,1,0
2025-09-15,LALIGA,2025-26,rcd_espanyol_de_barcelona,RCD Espanyol de Barcelona,rcd_mallorca,RCD Mallorca,3,2
2025-09-15,SERIEA,2025-26,hellas_verona_fc,Hellas Verona FC,us_cremonese,US Cremonese,0,0
2025-09-15,SERIEA,2025-26,como_1907,Como 1907,genoa_cfc,Genoa CFC,1,1
2025-09-16,CHAMPIONS,2025-26,athletic_club,Athletic Club,arsenal_fc,Arsenal FC,0,2
2025-09-16,CHAMPIONS,2025-26,psv,PSV,royale_union_saint_gilloise,Royale Union Saint-Gilloise,1,3
2025-09-16,CHAMPIONS,2025-26,juventus_fc,Juventus FC,borussia_dortmund,Borussia Dortmund,4,4
2025-09-16,CHAMPIONS,2025-26,sport_lisboa_e_benfica,Sport Lisboa e Benfica,qarabag_agdam_fk,Qarabağ Ağdam FK,2,3
2025-09-16,CHAMPIONS,2025-26,tottenham_hotspur_fc,Tottenham Hotspur FC,villarreal_cf,Villarreal CF,1,0
2025-09-16,CHAMPIONS,2025-26,real_madrid_cf,Real Madrid CF,olympique_de_marseille,Olympique de Marseille,2,1
2025-09-17,CHAMPIONS,2025-26,sk_slavia_praha,SK Slavia Praha,fk_bod_glimt,FK Bodø/Glimt,2,2
2025-09-17,CHAMPIONS,2025-26,pae_olympiakos_sfp,PAE Olympiakos SFP,paphos_fc,Paphos FC,0,0
2025-09-17,CHAMPIONS,2025-26,afc_ajax,AFC Ajax,fc_internazionale_milano,FC Internazionale Milano,0,2
2025-09-17,CHAMPIONS,2025-26,liverpool_fc,Liverpool FC,club_atletico_de_madrid,Club Atlético de Madrid,3,2
2025-09-17,CHAMPIONS,2025-26,paris_saint_germain_fc,Paris Saint-Germain FC,atalanta_bc,Atalanta BC,4,0
2025-09-17,CHAMPIONS,2025-26,fc_bayern_munchen,FC Bayern München,chelsea_fc,Chelsea FC,3,1
2025-09-18,CHAMPIONS,2025-26,fc_kbenhavn,FC København,bayer_04_leverkusen,Bayer 04 Leverkusen,2,2
2025-09-18,CHAMPIONS,2025-26,club_brugge_kv,Club Brugge KV,as_monaco_fc,AS Monaco FC,4,1
2025-09-18,CHAMPIONS,2025-26,newcastle_united_fc,Newcastle United FC,fc_barcelona,FC Barcelona,1,2
2025-09-18,CHAMPIONS,2025-26,manchester_city_fc,Manchester City FC,ssc_napoli,SSC Napoli,2,0
2025-09-18,CHAMPIONS,2025-26,eintracht_frankfurt,Eintracht Frankfurt,galatasaray_sk,Galatasaray SK,5,1
2025-09-18,CHAMPIONS,2025-26,sporting_clube_de_portugal,Sporting Clube de Portugal,fk_kairat,FK Kairat,4,1
2025-09-19,LALIGA,2025-26,real_betis_balompie,Real Betis Balompié,real_sociedad_de_futbol,Real Sociedad de Fútbol,3,1
2025-09-19,SERIEA,2025-26,us_lecce,US Lecce,cagliari_calcio,Cagliari Calcio,1,2
2025-09-20,LALIGA,2025-26,girona_fc,Girona FC,levante_ud,Levante UD,0,4
2025-09-20,LALIGA,2025-26,real_madrid_cf,Real Madrid CF,rcd_espanyol_de_barcelona,RCD Espanyol de Barcelona,2,0
2025-09-20,LALIGA,2025-26,villarreal_cf,Villarreal CF,ca_osasuna,CA Osasuna,2,1
2025-09-20,LALIGA,2025-26,deportivo_alaves,Deportivo Alavés,sevilla_fc,Sevilla FC,1,2
2025-09-20,LALIGA,2025-26,valencia_cf,Valencia CF,athletic_club,Athletic Club,2,0
2025-09-20,PREMIER,2025-26,liverpool_fc,Liverpool FC,everton_fc,Everton FC,2,1
2025-09-20,PREMIER,2025-26,brighton_hove_albion_fc,Brighton & Hove Albion FC,tottenham_hotspur_fc,Tottenham Hotspur FC,2,2
2025-09-20,PREMIER,2025-26,burnley_fc,Burnley FC,nottingham_forest_fc,Nottingham Forest FC,1,1
2025-09-20,PREMIER,2025-26,west_ham_united_fc,West Ham United FC,crystal_palace_fc,Crystal Palace FC,1,2
2025-09-20,PREMIER,2025-26,wolverhampton_wanderers_fc,Wolverhampton Wanderers FC,leeds_united_fc,Leeds United FC,1,3
2025-09-20,PREMIER,2025-26,manchester_united_fc,Manchester United FC,chelsea_fc,Chelsea FC,2,1
2025-09-20,PREMIER,2025-26,fulham_fc,Fulham FC,brentford_fc,Brentford FC,3,1
2025-09-20,SERIEA,2025-26,bologna_fc_1909,Bologna FC 1909,genoa_cfc,Genoa CFC,2,1
2025-09-20,SERIEA,2025-26,hellas_verona_fc,Hellas Verona FC,juventus_fc,Juventus FC,1,1
2025-09-20,SERIEA,2025-26,udinese_calcio,Udinese Calcio,ac_milan,AC Milan,0,3
2025-09-21,LALIGA,2025-26,rayo_vallecano_de_madrid,Rayo Vallecano de Madrid,rc_celta_de_vigo,RC Celta de Vigo,1,1
2025-09-21,LALIGA,2025-26,rcd_mallorca,RCD Mallorca,club_atletico_de_madrid,Club Atlético de Madrid,1,1
2025-09-21,LALIGA,2025-26,elche_cf,Elche CF,real_oviedo,Real Oviedo,1,0
2025-09-21,LALIGA,2025-26,fc_barcelona,FC Barcelona,getafe_cf,Getafe CF,3,0
2025-09-21,PREMIER,2025-26,afc_bournemouth,AFC Bournemouth,newcastle_united_fc,Newcastle United FC,0,0
2025-09-21,PREMIER,2025-26,sunderland_afc,Sunderland AFC,aston_villa_fc,Aston Villa FC,1,1
2025-09-21,PREMIER,2025-26,arsenal_fc,Arsenal FC,manchester_city_fc,Manchester City FC,1,1
2025-09-21,SERIEA,2025-26,ss_lazio,SS Lazio,as_roma,AS Roma,0,1
2025-09-21,SERIEA,2025-26,torino_fc,Torino FC,atalanta_bc,Atalanta BC,0,3
2025-09-21,SERIEA,2025-26,us_cremonese,US Cremonese,parma_calcio_1913,Parma Calcio 1913,0,0
2025-09-21,SERIEA,2025-26,acf_fiorentina,ACF Fiorentina,como_1907,Como 1907,1,2
2025-09-21,SERIEA,2025-26,fc_internazionale_milano,FC Internazionale Milano,us_sassuolo_calcio,US Sassuolo Calcio,2,1
2025-09-22,SERIEA,2025-26,ssc_napoli,SSC Napoli,ac_pisa_1909,AC Pisa 1909,3,2
2025-09-23,LALIGA,2025-26,athletic_club,Athletic Club,girona_fc,Girona FC,1,1
2025-09-23,LALIGA,2025-26,rcd_espanyol_de_barcelona,RCD Espanyol de Barcelona,valencia_cf,Valencia CF,2,2
2025-09-23,LALIGA,2025-26,levante_ud,Levante UD,real_madrid_cf,Real Madrid CF,1,4
2025-09-23,LALIGA,2025-26,sevilla_fc,Sevilla FC,villarreal_cf,Villarreal CF,1,2
2025-09-24,LALIGA,2025-26,getafe_cf,Getafe CF,deportivo_alaves,Deportivo Alavés,1,1
2025-09-24,LALIGA,2025-26,club_atletico_de_madrid,Club Atlético de Madrid,rayo_vallecano_de_madrid,Rayo Vallecano de Madrid,3,2
2025-09-24,LALIGA,2025-26,real_sociedad_de_futbol,Real Sociedad de Fútbol,rcd_mallorca,RCD Mallorca,1,0
2025-09-25,LALIGA,2025-26,ca_osasuna,CA Osasuna,elche_cf,Elche CF,1,1
2025-09-25,LALIGA,2025-26,real_oviedo,Real Oviedo,fc_barcelona,FC Barcelona,1,3
2025-09-26,LALIGA,2025-26,girona_fc,Girona FC,rcd_espanyol_de_barcelona,RCD Espanyol de Barcelona,0,0
2025-09-27,LALIGA,2025-26,getafe_cf,Getafe CF,levante_ud,Levante UD,1,1
2025-09-27,LALIGA,2025-26,club_atletico_de_madrid,Club Atlético de Madrid,real_madrid_cf,Real Madrid CF,5,2
2025-09-27,LALIGA,2025-26,rcd_mallorca,RCD Mallorca,deportivo_alaves,Deportivo Alavés,1,0
2025-09-27,LALIGA,2025-26,villarreal_cf,Villarreal CF,athletic_club,Athletic Club,1,0
2025-09-27,PREMIER,2025-26,brentford_fc,Brentford FC,manchester_united_fc,Manchester United FC,3,1
2025-09-27,PREMIER,2025-26,crystal_palace_fc,Crystal Palace FC,liverpool_fc,Liverpool FC,2,1
2025-09-27,PREMIER,2025-26,chelsea_fc,Chelsea FC,brighton_hove_albion_fc,Brighton & Hove Albion FC,1,3
2025-09-27,PREMIER,2025-26,leeds_united_fc,Leeds United FC,afc_bournemouth,AFC Bournemouth,2,2
2025-09-27,PREMIER,2025-26,manchester_city_fc,Manchester City FC,burnley_fc,Burnley FC,5,1
2025-09-27,PREMIER,2025-26,nottingham_forest_fc,Nottingham Forest FC,sunderland_afc,Sunderland AFC,0,1
2025-09-27,PREMIER,2025-26,tottenham_hotspur_fc,Tottenham Hotspur FC,wolverhampton_wanderers_fc,Wolverhampton Wanderers FC,1,1
2025-09-27,SERIEA,2025-26,como_1907,Como 1907,us_cremonese,US Cremonese,1,1
2025-09-27,SERIEA,2025-26,juventus_fc,Juventus FC,atalanta_bc,Atalanta BC,1,1
2025-09-27,SERIEA,2025-26,cagliari_calcio,Cagliari Calcio,fc_internazionale_milano,FC Internazionale Milano,0,2
2025-09-28,LALIGA,2025-26,rayo_vallecano_de_madrid,Rayo Vallecano de Madrid,sevilla_fc,Sevilla FC,0,1
2025-09-28,LALIGA,2025-26,elche_cf,Elche CF,rc_celta_de_vigo,RC Celta de Vigo,2,1
2025-09-28,LALIGA,2025-26,fc_barcelona,FC Barcelona,real_sociedad_de_futbol,Real Sociedad de Fútbol,2,1
2025-09-28,LALIGA,2025-26,real_betis_balompie,Real Betis Balompié,ca_osasuna,CA Osasuna,2,0
2025-09-28,PREMIER,2025-26,aston_villa_fc,Aston Villa FC,fulham_fc,Fulham FC,3,1
2025-09-28,PREMIER,2025-26,newcastle_united_fc,Newcastle United FC,arsenal_fc,Arsenal FC,1,2
2025-09-28,SERIEA,2025-26,us_sassuolo_calcio,US Sassuolo Calcio,udinese_calcio,Udinese Calcio,3,1
2025-09-28,SERIEA,2025-26,as_roma,AS Roma,hellas_verona_fc,Hellas Verona FC,2,0
2025-09-28,SERIEA,2025-26,ac_pisa_1909,AC Pisa 1909,acf_fiorentina,ACF Fiorentina,0,0
2025-09-28,SERIEA,2025-26,us_lecce,US Lecce,bologna_fc_1909,Bologna FC 1909,2,2
2025-09-28,SERIEA,2025-26,ac_milan,AC Milan,ssc_napoli,SSC Napoli,2,1
2025-09-29,PREMIER,2025-26,everton_fc,Everton FC,west_ham_united_fc,West Ham United FC,1,1
2025-09-29,SERIEA,2025-26,parma_calcio_1913,Parma Calcio 1913,torino_fc,Torino FC,2,1
2025-09-29,SERIEA,2025-26,genoa_cfc,Genoa CFC,ss_lazio,SS Lazio,0,3
2025-09-30,CHAMPIONS,2025-26,atalanta_bc,Atalanta BC,club_brugge_kv,Club Brugge KV,2,1
2025-09-30,CHAMPIONS,2025-26,fk_kairat,FK Kairat,real_madrid_cf,Real Madrid CF,0,5
2025-09-30,CHAMPIONS,2025-26,galatasaray_sk,Galatasaray SK,liverpool_fc,Liverpool FC,1,0
2025-09-30,CHAMPIONS,2025-26,club_atletico_de_madrid,Club Atlético de Madrid,eintracht_frankfurt,Eintracht Frankfurt,5,1
2025-09-30,CHAMPIONS,2025-26,olympique_de_marseille,Olympique de Marseille,afc_ajax,AFC Ajax,4,0
2025-09-30,CHAMPIONS,2025-26,fk_bod_glimt,FK Bodø/Glimt,tottenham_hotspur_fc,Tottenham Hotspur FC,2,2
2025-09-30,CHAMPIONS,2025-26,paphos_fc,Paphos FC,fc_bayern_munchen,FC Bayern München,1,5
2025-09-30,CHAMPIONS,2025-26,chelsea_fc,Chelsea FC,sport_lisboa_e_benfica,Sport Lisboa e Benfica,1,0
2025-09-30,CHAMPIONS,2025-26,fc_internazionale_milano,FC Internazionale Milano,sk_slavia_praha,SK Slavia Praha,3,0
2025-09-30,LALIGA,2025-26,valencia_cf,Valencia CF,real_oviedo,Real Oviedo,1,2
2025-10-01,CHAMPIONS,2025-26,qarabag_agdam_fk,Qarabağ Ağdam FK,fc_kbenhavn,FC København,2,0
2025-10-01,CHAMPIONS,2025-26,royale_union_saint_gilloise,Royale Union Saint-Gilloise,newcastle_united_fc,Newcastle United FC,0,4
2025-10-01,CHAMPIONS,2025-26,borussia_dortmund,Borussia Dortmund,athletic_club,Athletic Club,4,1
2025-10-01,CHAMPIONS,2025-26,fc_barcelona,FC Barcelona,paris_saint_germain_fc,Paris Saint-Germain FC,1,2
2025-10-01,CHAMPIONS,2025-26,as_monaco_fc,AS Monaco FC,manchester_city_fc,Manchester City FC,2,2
2025-10-01,CHAMPIONS,2025-26,bayer_04_leverkusen,Bayer 04 Leverkusen,psv,PSV,1,1
2025-10-01,CHAMPIONS,2025-26,arsenal_fc,Arsenal FC,pae_olympiakos_sfp,PAE Olympiakos SFP,2,0
2025-10-01,CHAMPIONS,2025-26,villarreal_cf,Villarreal CF,juventus_fc,Juventus FC,2,2
2025-10-01,CHAMPIONS,2025-26,ssc_napoli,SSC Napoli,sporting_clube_de_portugal,Sporting Clube de Portugal,2,1
2025-10-03,LALIGA,2025-26,ca_osasuna,CA Osasuna,getafe_cf,Getafe CF,2,1
2025-10-03,PREMIER,2025-26,afc_bournemouth,AFC Bournemouth,fulham_fc,Fulham FC,3,1
2025-10-03,SERIEA,2025-26,hellas_verona_fc,Hellas Verona FC,us_sassuolo_calcio,US Sassuolo Calcio,0,1
2025-10-04,LALIGA,2025-26,real_oviedo,Real Oviedo,levante_ud,Levante UD,0,2
2025-10-04,LALIGA,2025-26,girona_fc,Girona FC,valencia_cf,Valencia CF,2,1
2025-10-04,LALIGA,2025-26,athletic_club,Athletic Club,rcd_mallorca,RCD Mallorca,2,1
2025-10-04,LALIGA,2025-26,real_madrid_cf,Real Madrid CF,villarreal_cf,Villarreal CF,3,1
2025-10-04,PREMIER,2025-26,leeds_united_fc,Leeds United FC,tottenham_hotspur_fc,Tottenham Hotspur FC,1,2
2025-10-04,PREMIER,2025-26,arsenal_fc,Arsenal FC,west_ham_united_fc,West Ham United FC,2,0
2025-10-04,PREMIER,2025-26,manchester_united_fc,Manchester United FC,sunderland_afc,Sunderland AFC,2,0
2025-10-04,PREMIER,2025-26,chelsea_fc,Chelsea FC,liverpool_fc,Liverpool FC,2,1
2025-10-04,SERIEA,2025-26,ss_lazio,SS Lazio,torino_fc,Torino FC,3,3
2025-10-04,SERIEA,2025-26,parma_calcio_1913,Parma Calcio 1913,us_lecce,US Lecce,0,1
2025-10-04,SERIEA,2025-26,fc_internazionale_milano,FC Internazionale Milano,us_cremonese,US Cremonese,4,1
2025-10-04,SERIEA,2025-26,atalanta_bc,Atalanta BC,como_1907,Como 1907,1,1
2025-10-05,LALIGA,2025-26,deportivo_alaves,Deportivo Alavés,elche_cf,Elche CF,3,1
2025-10-05,LALIGA,2025-26,sevilla_fc,Sevilla FC,fc_barcelona,FC Barcelona,4,1
2025-10-05,LALIGA,2025-26,rcd_espanyol_de_barcelona,RCD Espanyol de Barcelona,real_betis_balompie,Real Betis Balompié,1,2
2025-10-05,LALIGA,2025-26,real_sociedad_de_futbol,Real Sociedad de Fútbol,rayo_vallecano_de_madrid,Rayo Vallecano de Madrid,0,1
2025-10-05,LALIGA,2025-26,rc_celta_de_vigo,RC Celta de Vigo,club_atletico_de_madrid,Club Atlético de Madrid,1,1
2025-10-05,PREMIER,2025-26,aston_villa_fc,Aston Villa FC,burnley_fc,Burnley FC,2,1
2025-10-05,PREMIER,2025-26,everton_fc,Everton FC,crystal_palace_fc,Crystal Palace FC,2,1
2025-10-05,PREMIER,2025-26,newcastle_united_fc,Newcastle United FC,nottingham_forest_fc,Nottingham Forest FC,2,0
2025-10-05,PREMIER,2025-26,wolverhampton_wanderers_fc,Wolverhampton Wanderers FC,brighton_hove_albion_fc,Brighton & Hove Albion FC,1,1
2025-10-05,PREMIER,2025-26,brentford_fc,Brentford FC,manchester_city_fc,Manchester City FC,0,1
2025-10-05,SERIEA,2025-26,udinese_calcio,Udinese Calcio,cagliari_calcio,Cagliari Calcio,1,1
2025-10-05,SERIEA,2025-26,acf_fiorentina,ACF Fiorentina,as_roma,AS Roma,1,2
2025-10-05,SERIEA,2025-26,bologna_fc_1909,Bologna FC 1909,ac_pisa_1909,AC Pisa 1909,4,0
2025-10-05,SERIEA,2025-26,ssc_napoli,SSC Napoli,genoa_cfc,Genoa CFC,2,1
2025-10-05,SERIEA,2025-26,juventus_fc,Juventus FC,ac_milan,AC Milan,0,0
2025-10-17,LALIGA,2025-26,real_oviedo,Real Oviedo,rcd_espanyol_de_barcelona,RCD Espanyol de Barcelona,0,2
2025-10-18,LALIGA,2025-26,sevilla_fc,Sevilla FC,rcd_mallorca,RCD Mallorca,1,3
2025-10-18,LALIGA,2025-26,fc_barcelona,FC Barcelona,girona_fc,Girona FC,2,1
2025-10-18,LALIGA,2025-26,villarreal_cf,Villarreal CF,real_betis_balompie,Real Betis Balompié,2,2
2025-10-18,LALIGA,2025-26,club_atletico_de_madrid,Club Atlético de Madrid,ca_osasuna,CA Osasuna,1,0
2025-10-18,PREMIER,2025-26,nottingham_forest_fc,Nottingham Forest FC,chelsea_fc,Chelsea FC,0,3
2025-10-18,PREMIER,2025-26,brighton_hove_albion_fc,Brighton & Hove Albion FC,newcastle_united_fc,Newcastle United FC,2,1
2025-10-18,PREMIER,2025-26,crystal_palace_fc,Crystal Palace FC,afc_bournemouth,AFC Bournemouth,3,3
2025-10-18,PREMIER,2025-26,burnley_fc,Burnley FC,leeds_united_fc,Leeds United FC,2,0
2025-10-18,PREMIER,2025-26,manchester_city_fc,Manchester City FC,everton_fc,Everton FC,2,0
2025-10-18,PREMIER,2025-26,sunderland_afc,Sunderland AFC,wolverhampton_wanderers_fc,Wolverhampton Wanderers FC,2,0
2025-10-18,PREMIER,2025-26,fulham_fc,Fulham FC,arsenal_fc,Arsenal FC,0,1
2025-10-18,SERIEA,2025-26,ac_pisa_1909,AC Pisa 1909,hellas_verona_fc,Hellas Verona FC,0,0
2025-10-18,SERIEA,2025-26,us_lecce,US Lecce,us_sassuolo_calcio,US Sassuolo Calcio,0,0
2025-10-18,SERIEA,2025-26,torino_fc,Torino FC,ssc_napoli,SSC Napoli,1,0
2025-10-18,SERIEA,2025-26,as_roma,AS Roma,fc_internazionale_milano,FC Internazionale Milano,0,1
2025-10-19,LALIGA,2025-26,elche_cf,Elche CF,athletic_club,Athletic Club,0,0
2025-10-19,LALIGA,2025-26,rc_celta_de_vigo,RC Celta de Vigo,real_sociedad_de_futbol,Real Sociedad de Fútbol,1,1
2025-10-19,LALIGA,2025-26,levante_ud,Levante UD,rayo_vallecano_de_madrid,Rayo Vallecano de Madrid,0,3
2025-10-19,LALIGA,2025-26,getafe_cf,Getafe CF,real_madrid_cf,Real Madrid CF,0,1
2025-10-19,PREMIER,2025-26,tottenham_hotspur_fc,Tottenham Hotspur FC,aston_villa_fc,Aston Villa FC,1,2
2025-10-19,PREMIER,2025-26,liverpool_fc,Liverpool FC,manchester_united_fc,Manchester United FC,1,2
2025-10-19,SERIEA,2025-26,como_1907,Como 1907,juventus_fc,Juventus FC,2,0
2025-10-19,SERIEA,2025-26,cagliari_calcio,Cagliari Calcio,bologna_fc_1909,Bologna FC 1909,0,2
2025-10-19,SERIEA,2025-26,genoa_cfc,Genoa CFC,parma_calcio_1913,Parma Calcio 1913,0,0
2025-10-19,SERIEA,2025-26,atalanta_bc,Atalanta BC,ss_lazio,SS Lazio,0,0
2025-10-19,SERIEA,2025-26,ac_milan,AC Milan,acf_fiorentina,ACF Fiorentina,2,1
2025-10-20,LALIGA,2025-26,deportivo_alaves,Deportivo Alavés,valencia_cf,Valencia CF,0,0
2025-10-20,PREMIER,2025-26,west_ham_united_fc,West Ham United FC,brentford_fc,Brentford FC,0,2
2025-10-20,SERIEA,2025-26,us_cremonese,US Cremonese,udinese_calcio,Udinese Calcio,1,1
2025-10-21,CHAMPIONS,2025-26,fc_barcelona,FC Barcelona,pae_olympiakos_sfp,PAE Olympiakos SFP,6,1
2025-10-21,CHAMPIONS,2025-26,fk_kairat,FK Kairat,paphos_fc,Paphos FC,0,0
2025-10-21,CHAMPIONS,2025-26,royale_union_saint_gilloise,Royale Union Saint-Gilloise,fc_internazionale_milano,FC Internazionale Milano,0,4
2025-10-21,CHAMPIONS,2025-26,fc_kbenhavn,FC København,borussia_dortmund,Borussia Dortmund,2,4
2025-10-21,CHAMPIONS,2025-26,bayer_04_leverkusen,Bayer 04 Leverkusen,paris_saint_germain_fc,Paris Saint-Germain FC,2,7
2025-10-21,CHAMPIONS,2025-26,villarreal_cf,Villarreal CF,manchester_city_fc,Manchester City FC,0,2
2025-10-21,CHAMPIONS,2025-26,arsenal_fc,Arsenal FC,club_atletico_de_madrid,Club Atlético de Madrid,4,0
2025-10-21,CHAMPIONS,2025-26,newcastle_united_fc,Newcastle United FC,sport_lisboa_e_benfica,Sport Lisboa e Benfica,3,0
2025-10-21,CHAMPIONS,2025-26,psv,PSV,ssc_napoli,SSC Napoli,6,2
2025-10-22,CHAMPIONS,2025-26,galatasaray_sk,Galatasaray SK,fk_bod_glimt,FK Bodø/Glimt,3,1
2025-10-22,CHAMPIONS,2025-26,athletic_club,Athletic Club,qarabag_agdam_fk,Qarabağ Ağdam FK,3,1
2025-10-22,CHAMPIONS,2025-26,eintracht_frankfurt,Eintracht Frankfurt,liverpool_fc,Liverpool FC,1,5
2025-10-22,CHAMPIONS,2025-26,atalanta_bc,Atalanta BC,sk_slavia_praha,SK Slavia Praha,0,0
2025-10-22,CHAMPIONS,2025-26,sporting_clube_de_portugal,Sporting Clube de Portugal,olympique_de_marseille,Olympique de Marseille,2,1
2025-10-22,CHAMPIONS,2025-26,as_monaco_fc,AS Monaco FC,tottenham_hotspur_fc,Tottenham Hotspur FC,0,0
2025-10-22,CHAMPIONS,2025-26,fc_bayern_munchen,FC Bayern München,club_brugge_kv,Club Brugge KV,4,0
2025-10-22,CHAMPIONS,2025-26,chelsea_fc,Chelsea FC,afc_ajax,AFC Ajax,5,1
2025-10-22,CHAMPIONS,2025-26,real_madrid_cf,Real Madrid CF,juventus_fc,Juventus FC,1,0
2025-10-24,LALIGA,2025-26,real_sociedad_de_futbol,Real Sociedad de Fútbol,sevilla_fc,Sevilla FC,2,1
2025-10-24,PREMIER,2025-26,leeds_united_fc,Leeds United FC,west_ham_united_fc,West Ham United FC,2,1
2025-10-24,SERIEA,2025-26,ac_milan,AC Milan,ac_pisa_1909,AC Pisa 1909,2,2
2025-10-25,LALIGA,2025-26,girona_fc,Girona FC,real_oviedo,Real Oviedo,3,3
2025-10-25,LALIGA,2025-26,rcd_espanyol_de_barcelona,RCD Espanyol de Barcelona,elche_cf,Elche CF,1,0
2025-10-25,LALIGA,2025-26,athletic_club,Athletic Club,getafe_cf,Getafe CF,0,1
2025-10-25,LALIGA,2025-26,valencia_cf,Valencia CF,villarreal_cf,Villarreal CF,0,2
2025-10-25,PREMIER,2025-26,chelsea_fc,Chelsea FC,sunderland_afc,Sunderland AFC,1,2
2025-10-25,PREMIER,2025-26,newcastle_united_fc,Newcastle United FC,fulham_fc,Fulham FC,2,1
2025-10-25,PREMIER,2025-26,manchester_united_fc,Manchester United FC,brighton_hove_albion_fc,Brighton & Hove Albion FC,4,2
2025-10-25,PREMIER,2025-26,brentford_fc,Brentford FC,liverpool_fc,Liverpool FC,3,2
2025-10-25,SERIEA,2025-26,parma_calcio_1913,Parma Calcio 1913,como_1907,Como 1907,0,0
2025-10-25,SERIEA,2025-26,udinese_calcio,Udinese Calcio,us_lecce,US Lecce,3,2
2025-10-25,SERIEA,2025-26,ssc_napoli,SSC Napoli,fc_internazionale_milano,FC Internazionale Milano,3,1
2025-10-25,SERIEA,2025-26,us_cremonese,US Cremonese,atalanta_bc,Atalanta BC,1,1
2025-10-26,LALIGA,2025-26,rcd_mallorca,RCD Mallorca,levante_ud,Levante UD,1,1
2025-10-26,LALIGA,2025-26,real_madrid_cf,Real Madrid CF,fc_barcelona,FC Barcelona,2,1
2025-10-26,LALIGA,2025-26,ca_osasuna,CA Osasuna,rc_celta_de_vigo,RC Celta de Vigo,2,3
2025-10-26,LALIGA,2025-26,rayo_vallecano_de_madrid,Rayo Vallecano de Madrid,deportivo_alaves,Deportivo Alavés,1,0
2025-10-26,PREMIER,2025-26,afc_bournemouth,AFC Bournemouth,nottingham_forest_fc,Nottingham Forest FC,2,0
2025-10-26,PREMIER,2025-26,aston_villa_fc,Aston Villa FC,manchester_city_fc,Manchester City FC,1,0
2025-10-26,PREMIER,2025-26,arsenal_fc,Arsenal FC,crystal_palace_fc,Crystal Palace FC,1,0
2025-10-26,PREMIER,2025-26,wolverhampton_wanderers_fc,Wolverhampton Wanderers FC,burnley_fc,Burnley FC,2,3
2025-10-26,PREMIER,2025-26,everton_fc,Everton FC,tottenham_hotspur_fc,Tottenham Hotspur FC,0,3
2025-10-26,SERIEA,2025-26,torino_fc,Torino FC,genoa_cfc,Genoa CFC,2,1
2025-10-26,SERIEA,2025-26,hellas_verona_fc,Hellas Verona FC,cagliari_calcio,Cagliari Calcio,2,2
2025-10-26,SERIEA,2025-26,us_sassuolo_calcio,US Sassuolo Calcio,as_roma,AS Roma,0,1
2025-10-26,SERIEA,2025-26,acf_fiorentina,ACF Fiorentina,bologna_fc_1909,Bologna FC 1909,2,2
2025-10-26,SERIEA,2025-26,ss_lazio,SS Lazio,juventus_fc,Juventus FC,1,0
2025-10-27,LALIGA,2025-26,real_betis_balompie,Real Betis Balompié,club_atletico_de_madrid,Club Atlético de Madrid,0,2
2025-10-28,SERIEA,2025-26,us_lecce,US Lecce,ssc_napoli,SSC Napoli,0,1
2025-10-28,SERIEA,2025-26,atalanta_bc,Atalanta BC,ac_milan,AC Milan,1,1
2025-10-29,SERIEA,2025-26,as_roma,AS Roma,parma_calcio_1913,Parma Calcio 1913,2,1
2025-10-29,SERIEA,2025-26,como_1907,Como 1907,hellas_verona_fc,Hellas Verona FC,3,1
2025-10-29,SERIEA,2025-26,juventus_fc,Juventus FC,udinese_calcio,Udinese Calcio,3,1
2025-10-29,SERIEA,2025-26,genoa_cfc,Genoa CFC,us_cremonese,US Cremonese,0,2
2025-10-29,SERIEA,2025-26,bologna_fc_1909,Bologna FC 1909,torino_fc,Torino FC,0,0
2025-10-29,SERIEA,2025-26,fc_internazionale_milano,FC Internazionale Milano,acf_fiorentina,ACF Fiorentina,3,0
2025-10-30,SERIEA,2025-26,cagliari_calcio,Cagliari Calcio,us_sassuolo_calcio,US Sassuolo Calcio,1,2
2025-10-30,SERIEA,2025-26,ac_pisa_1909,AC Pisa 1909,ss_lazio,SS Lazio,0,0
2025-10-31,LALIGA,2025-26,getafe_cf,Getafe CF,girona_fc,Girona FC,2,1
2025-11-01,LALIGA,2025-26,villarreal_cf,Villarreal CF,rayo_vallecano_de_madrid,Rayo Vallecano de Madrid,4,0
2025-11-01,LALIGA,2025-26,club_atletico_de_madrid,Club Atlético de Madrid,sevilla_fc,Sevilla FC,3,0
2025-11-01,LALIGA,2025-26,real_sociedad_de_futbol,Real Sociedad de Fútbol,athletic_club,Athletic Club,3,2
2025-11-01,LALIGA,2025-26,real_madrid_cf,Real Madrid CF,valencia_cf,Valencia CF,4,0
2025-11-01,PREMIER,2025-26,brighton_hove_albion_fc,Brighton & Hove Albion FC,leeds_united_fc,Leeds United FC,3,0
2025-11-01,PREMIER,2025-26,crystal_palace_fc,Crystal Palace FC,brentford_fc,Brentford FC,2,0
2025-11-01,PREMIER,2025-26,burnley_fc,Burnley FC,arsenal_fc,Arsenal FC,0,2
2025-11-01,PREMIER,2025-26,fulham_fc,Fulham FC,wolverhampton_wanderers_fc,Wolverhampton Wanderers FC,3,0
2025-11-01,PREMIER,2025-26,nottingham_forest_fc,Nottingham Forest FC,manchester_united_fc,Manchester United FC,2,2
2025-11-01,PREMIER,2025-26,tottenham_hotspur_fc,Tottenham Hotspur FC,chelsea_fc,Chelsea FC,0,1
2025-11-01,PREMIER,2025-26,liverpool_fc,Liverpool FC,aston_villa_fc,Aston Villa FC,2,0
2025-11-01,SERIEA,2025-26,udinese_calcio,Udinese Calcio,atalanta_bc,Atalanta BC,1,0
2025-11-01,SERIEA,2025-26,ssc_napoli,SSC Napoli,como_1907,Como 1907,0,0
2025-11-01,SERIEA,2025-26,us_cremonese,US Cremonese,juventus_fc,Juventus FC,1,2
2025-11-02,LALIGA,2025-26,levante_ud,Levante UD,rc_celta_de_vigo,RC Celta de Vigo,1,2
2025-11-02,LALIGA,2025-26,deportivo_alaves,Deportivo Alavés,rcd_espanyol_de_barcelona,RCD Espanyol de Barcelona,2,1
2025-11-02,LALIGA,2025-26,fc_barcelona,FC Barcelona,elche_cf,Elche CF,3,1
2025-11-02,LALIGA,2025-26,real_betis_balompie,Real Betis Balompié,rcd_mallorca,RCD Mallorca,3,0
2025-11-02,PREMIER,2025-26,west_ham_united_fc,West Ham United FC,newcastle_united_fc,Newcastle United FC,3,1
2025-11-02,PREMIER,2025-26,manchester_city_fc,Manchester City FC,afc_bournemouth,AFC Bournemouth,3,1
2025-11-02,SERIEA,2025-26,hellas_verona_fc,Hellas Verona FC,fc_internazionale_milano,FC Internazionale Milano,1,2
2025-11-02,SERIEA,2025-26,acf_fiorentina,ACF Fiorentina,us_lecce,US Lecce,0,1
2025-11-02,SERIEA,2025-26,torino_fc,Torino FC,ac_pisa_1909,AC Pisa 1909,2,2
2025-11-02,SERIEA,2025-26,parma_calcio_1913,Parma Calcio 1913,bologna_fc_1909,Bologna FC 1909,1,3
2025-11-02,SERIEA,2025-26,ac_milan,AC Milan,as_roma,AS Roma,1,0
2025-11-03,LALIGA,2025-26,real_oviedo,Real Oviedo,ca_osasuna,CA Osasuna,0,0
2025-11-03,PREMIER,2025-26,sunderland_afc,Sunderland AFC,everton_fc,Everton FC,1,1
2025-11-03,SERIEA,2025-26,us_sassuolo_calcio,US Sassuolo Calcio,genoa_cfc,Genoa CFC,1,2
2025-11-03,SERIEA,2025-26,ss_lazio,SS Lazio,cagliari_calcio,Cagliari Calcio,2,0
2025-11-04,CHAMPIONS,2025-26,sk_slavia_praha,SK Slavia Praha,arsenal_fc,Arsenal FC,0,3
2025-11-04,CHAMPIONS,2025-26,ssc_napoli,SSC Napoli,eintracht_frankfurt,Eintracht Frankfurt,0,0
2025-11-04,CHAMPIONS,2025-26,juventus_fc,Juventus FC,sporting_clube_de_portugal,Sporting Clube de Portugal,1,1
2025-11-04,CHAMPIONS,2025-26,club_atletico_de_madrid,Club Atlético de Madrid,royale_union_saint_gilloise,Royale Union Saint-Gilloise,3,1
2025-11-04,CHAMPIONS,2025-26,tottenham_hotspur_fc,Tottenham Hotspur FC,fc_kbenhavn,FC København,4,0
2025-11-04,CHAMPIONS,2025-26,fk_bod_glimt,FK Bodø/Glimt,as_monaco_fc,AS Monaco FC,0,1
2025-11-04,CHAMPIONS,2025-26,pae_olympiakos_sfp,PAE Olympiakos SFP,psv,PSV,1,1
2025-11-04,CHAMPIONS,2025-26,paris_saint_germain_fc,Paris Saint-Germain FC,fc_bayern_munchen,FC Bayern München,1,2
2025-11-04,CHAMPIONS,2025-26,liverpool_fc,Liverpool FC,real_madrid_cf,Real Madrid CF,1,0
2025-11-05,CHAMPIONS,2025-26,paphos_fc,Paphos FC,villarreal_cf,Villarreal CF,1,0
2025-11-05,CHAMPIONS,2025-26,qarabag_agdam_fk,Qarabağ Ağdam FK,chelsea_fc,Chelsea FC,2,2
2025-11-05,CHAMPIONS,2025-26,fc_internazionale_milano,FC Internazionale Milano,fk_kairat,FK Kairat,2,1
2025-11-05,CHAMPIONS,2025-26,manchester_city_fc,Manchester City FC,borussia_dortmund,Borussia Dortmund,4,1
2025-11-05,CHAMPIONS,2025-26,club_brugge_kv,Club Brugge KV,fc_barcelona,FC Barcelona,3,3
2025-11-05,CHAMPIONS,2025-26,sport_lisboa_e_benfica,Sport Lisboa e Benfica,bayer_04_leverkusen,Bayer 04 Leverkusen,0,1
2025-11-05,CHAMPIONS,2025-26,olympique_de_marseille,Olympique de Marseille,atalanta_bc,Atalanta BC,0,1
2025-11-05,CHAMPIONS,2025-26,afc_ajax,AFC Ajax,galatasaray_sk,Galatasaray SK,0,3
2025-11-05,CHAMPIONS,2025-26,newcastle_united_fc,Newcastle United FC,athletic_club,Athletic Club,2,0
2025-11-07,LALIGA,2025-26,elche_cf,Elche CF,real_sociedad_de_futbol,Real Sociedad de Fútbol,1,1
2025-11-07,SERIEA,2025-26,ac_pisa_1909,AC Pisa 1909,us_cremonese,US Cremonese,1,0
2025-11-08,LALIGA,2025-26,girona_fc,Girona FC,deportivo_alaves,Deportivo Alavés,1,0
2025-11-08,LALIGA,2025-26,sevilla_fc,Sevilla FC,ca_osasuna,CA Osasuna,1,0
2025-11-08,LALIGA,2025-26,club_atletico_de_madrid,Club Atlético de Madrid,levante_ud,Levante UD,3,1
2025-11-08,LALIGA,2025-26,rcd_espanyol_de_barcelona,RCD Espanyol de Barcelona,villarreal_cf,Villarreal CF,0,2
2025-11-08,PREMIER,2025-26,tottenham_hotspur_fc,Tottenham Hotspur FC,manchester_united_fc,Manchester United FC,2,2
2025-11-08,PREMIER,2025-26,everton_fc,Everton FC,fulham_fc,Fulham FC,2,0
2025-11-08,PREMIER,2025-26,west_ham_united_fc,West Ham United FC,burnley_fc,Burnley FC,3,2
2025-11-08,PREMIER,2025-26,sunderland_afc,Sunderland AFC,arsenal_fc,Arsenal FC,2,2
2025-11-08,PREMIER,2025-26,chelsea_fc,Chelsea FC,wolverhampton_wanderers_fc,Wolverhampton Wanderers FC,3,0
2025-11-08,SERIEA,2025-26,como_1907,Como 1907,cagliari_calcio,Cagliari Calcio,0,0
2025-11-08,SERIEA,2025-26,us_lecce,US Lecce,hellas_verona_fc,Hellas Verona FC,0,0
2025-11-08,SERIEA,2025-26,juventus_fc,Juventus FC,torino_fc,Torino FC,0,0
2025-11-08,SERIEA,2025-26,parma_calcio_1913,Parma Calcio 1913,ac_milan,AC Milan,2,2
2025-11-09,LALIGA,2025-26,athletic_club,Athletic Club,real_oviedo,Real Oviedo,1,0
2025-11-09,LALIGA,2025-26,rayo_vallecano_de_madrid,Rayo Vallecano de Madrid,real_madrid_cf,Real Madrid CF,0,0
2025-11-09,LALIGA,2025-26,valencia_cf,Valencia CF,real_betis_balompie,Real Betis Balompié,1,1
2025-11-09,LALIGA,2025-26,rcd_mallorca,RCD Mallorca,getafe_cf,Getafe CF,1,0
2025-11-09,LALIGA,2025-26,rc_celta_de_vigo,RC Celta de Vigo,fc_barcelona,FC Barcelona,2,4
2025-11-09,PREMIER,2025-26,aston_villa_fc,Aston Villa FC,afc_bournemouth,AFC Bournemouth,4,0
2025-11-09,PREMIER,2025-26,crystal_palace_fc,Crystal Palace FC,brighton_hove_albion_fc,Brighton & Hove Albion FC,0,0
2025-11-09,PREMIER,2025-26,brentford_fc,Brentford FC,newcastle_united_fc,Newcastle United FC,3,1
2025-11-09,PREMIER,2025-26,nottingham_forest_fc,Nottingham Forest FC,leeds_united_fc,Leeds United FC,3,1
2025-11-09,PREMIER,2025-26,manchester_city_fc,Manchester City FC,liverpool_fc,Liverpool FC,3,0
2025-11-09,SERIEA,2025-26,atalanta_bc,Atalanta BC,us_sassuolo_calcio,US Sassuolo Calcio,0,3
2025-11-09,SERIEA,2025-26,genoa_cfc,Genoa CFC,acf_fiorentina,ACF Fiorentina,2,2
2025-11-09,SERIEA,2025-26,bologna_fc_1909,Bologna FC 1909,ssc_napoli,SSC Napoli,2,0
2025-11-09,SERIEA,2025-26,as_roma,AS Roma,udinese_calcio,Udinese Calcio,2,0
2025-11-09,SERIEA,2025-26,fc_internazionale_milano,FC Internazionale Milano,ss_lazio,SS Lazio,2,0
2025-11-21,LALIGA,2025-26,valencia_cf,Valencia CF,levante_ud,Levante UD,1,0
2025-11-22,LALIGA,2025-26,deportivo_alaves,Deportivo Alavés,rc_celta_de_vigo,RC Celta de Vigo,0,1
2025-11-22,LALIGA,2025-26,fc_barcelona,FC Barcelona,athletic_club,Athletic Club,4,0
2025-11-22,LALIGA,2025-26,ca_osasuna,CA Osasuna,real_sociedad_de_futbol,Real Sociedad de Fútbol,1,3
2025-11-22,LALIGA,2025-26,villarreal_cf,Villarreal CF,rcd_mallorca,RCD Mallorca,2,1
2025-11-22,PREMIER,2025-26,burnley_fc,Burnley FC,chelsea_fc,Chelsea FC,0,2
2025-11-22,PREMIER,2025-26,afc_bournemouth,AFC Bournemouth,west_ham_united_fc,West Ham United FC,2,2
2025-11-22,PREMIER,2025-26,brighton_hove_albion_fc,Brighton & Hove Albion FC,brentford_fc,Brentford FC,2,1
2025-11-22,PREMIER,2025-26,fulham_fc,Fulham FC,sunderland_afc,Sunderland AFC,1,0
2025-11-22,PREMIER,2025-26,liverpool_fc,Liverpool FC,nottingham_forest_fc,Nottingham Forest FC,0,3
2025-11-22,PREMIER,2025-26,wolverhampton_wanderers_fc,Wolverhampton Wanderers FC,crystal_palace_fc,Crystal Palace FC,0,2
2025-11-22,PREMIER,2025-26,newcastle_united_fc,Newcastle United FC,manchester_city_fc,Manchester City FC,2,1
2025-11-22,SERIEA,2025-26,cagliari_calcio,Cagliari Calcio,genoa_cfc,Genoa CFC,3,3
2025-11-22,SERIEA,2025-26,udinese_calcio,Udinese Calcio,bologna_fc_1909,Bologna FC 1909,0,3
2025-11-22,SERIEA,2025-26,acf_fiorentina,ACF Fiorentina,juventus_fc,Juventus FC,1,1
2025-11-22,SERIEA,2025-26,ssc_napoli,SSC Napoli,atalanta_bc,Atalanta BC,3,1
2025-11-23,LALIGA,2025-26,real_oviedo,Real Oviedo,rayo_vallecano_de_madrid,Rayo Vallecano de Madrid,0,0
2025-11-23,LALIGA,2025-26,real_betis_balompie,Real Betis Balompié,girona_fc,Girona FC,1,1
2025-11-23,LALIGA,2025-26,getafe_cf,Getafe CF,club_atletico_de_madrid,Club Atlético de Madrid,0,1
2025-11-23,LALIGA,2025-26,elche_cf,Elche CF,real_madrid_cf,Real Madrid CF,2,2
2025-11-23,PREMIER,2025-26,leeds_united_fc,Leeds United FC,aston_villa_fc,Aston Villa FC,1,2
2025-11-23,PREMIER,2025-26,arsenal_fc,Arsenal FC,tottenham_hotspur_fc,Tottenham Hotspur FC,4,1
2025-11-23,SERIEA,2025-26,hellas_verona_fc,Hellas Verona FC,parma_calcio_1913,Parma Calcio 1913,1,2
2025-11-23,SERIEA,2025-26,us_cremonese,US Cremonese,as_roma,AS Roma,1,3
2025-11-23,SERIEA,2025-26,ss_lazio,SS Lazio,us_lecce,US Lecce,2,0
2025-11-23,SERIEA,2025-26,fc_internazionale_milano,FC Internazionale Milano,ac_milan,AC Milan,0,1
2025-11-24,LALIGA,2025-26,rcd_espanyol_de_barcelona,RCD Espanyol de Barcelona,sevilla_fc,Sevilla FC,2,1
2025-11-24,PREMIER,2025-26,manchester_united_fc,Manchester United FC,everton_fc,Everton FC,0,1
2025-11-24,SERIEA,2025-26,torino_fc,Torino FC,como_1907,Como 1907,1,5
2025-11-24,SERIEA,2025-26,us_sassuolo_calcio,US Sassuolo Calcio,ac_pisa_1909,AC Pisa 1909,2,2
2025-11-25,CHAMPIONS,2025-26,afc_ajax,AFC Ajax,sport_lisboa_e_benfica,Sport Lisboa e Benfica,0,2
2025-11-25,CHAMPIONS,2025-26,galatasaray_sk,Galatasaray SK,royale_union_saint_gilloise,Royale Union Saint-Gilloise,0,1
2025-11-25,CHAMPIONS,2025-26,borussia_dortmund,Borussia Dortmund,villarreal_cf,Villarreal CF,4,0
2025-11-25,CHAMPIONS,2025-26,manchester_city_fc,Manchester City FC,bayer_04_leverkusen,Bayer 04 Leverkusen,0,2
2025-11-25,CHAMPIONS,2025-26,fk_bod_glimt,FK Bodø/Glimt,juventus_fc,Juventus FC,2,3
2025-11-25,CHAMPIONS,2025-26,olympique_de_marseille,Olympique de Marseille,newcastle_united_fc,Newcastle United FC,2,1
2025-11-25,CHAMPIONS,2025-26,sk_slavia_praha,SK Slavia Praha,athletic_club,Athletic Club,0,0
2025-11-25,CHAMPIONS,2025-26,ssc_napoli,SSC Napoli,qarabag_agdam_fk,Qarabağ Ağdam FK,2,0
2025-11-25,CHAMPIONS,2025-26,chelsea_fc,Chelsea FC,fc_barcelona,FC Barcelona,3,0
2025-11-26,CHAMPIONS,2025-26,paphos_fc,Paphos FC,as_monaco_fc,AS Monaco FC,2,2
2025-11-26,CHAMPIONS,2025-26,fc_kbenhavn,FC København,fk_kairat,FK Kairat,3,2
2025-11-26,CHAMPIONS,2025-26,liverpool_fc,Liverpool FC,psv,PSV,1,4
2025-11-26,CHAMPIONS,2025-26,paris_saint_germain_fc,Paris Saint-Germain FC,tottenham_hotspur_fc,Tottenham Hotspur FC,5,3
2025-11-26,CHAMPIONS,2025-26,eintracht_frankfurt,Eintracht Frankfurt,atalanta_bc,Atalanta BC,0,3
2025-11-26,CHAMPIONS,2025-26,sporting_clube_de_portugal,Sporting Clube de Portugal,club_brugge_kv,Club Brugge KV,3,0
2025-11-26,CHAMPIONS,2025-26,arsenal_fc,Arsenal FC,fc_bayern_munchen,FC Bayern München,3,1
2025-11-26,CHAMPIONS,2025-26,pae_olympiakos_sfp,PAE Olympiakos SFP,real_madrid_cf,Real Madrid CF,3,4
2025-11-26,CHAMPIONS,2025-26,club_atletico_de_madrid,Club Atlético de Madrid,fc_internazionale_milano,FC Internazionale Milano,2,1
2025-11-28,LALIGA,2025-26,getafe_cf,Getafe CF,elche_cf,Elche CF,1,0
2025-11-28,SERIEA,2025-26,como_1907,Como 1907,us_sassuolo_calcio,US Sassuolo Calcio,2,0
2025-11-29,LALIGA,2025-26,rcd_mallorca,RCD Mallorca,ca_osasuna,CA Osasuna,2,2
2025-11-29,LALIGA,2025-26,fc_barcelona,FC Barcelona,deportivo_alaves,Deportivo Alavés,3,1
2025-11-29,LALIGA,2025-26,levante_ud,Levante UD,athletic_club,Athletic Club,0,2
2025-11-29,LALIGA,2025-26,club_atletico_de_madrid,Club Atlético de Madrid,real_oviedo,Real Oviedo,2,0
2025-11-29,PREMIER,2025-26,sunderland_afc,Sunderland AFC,afc_bournemouth,AFC Bournemouth,3,2
2025-11-29,PREMIER,2025-26,brentford_fc,Brentford FC,burnley_fc,Burnley FC,3,1
2025-11-29,PREMIER,2025-26,manchester_city_fc,Manchester City FC,leeds_united_fc,Leeds United FC,3,2
2025-11-29,PREMIER,2025-26,everton_fc,Everton FC,newcastle_united_fc,Newcastle United FC,1,4
2025-11-29,PREMIER,2025-26,tottenham_hotspur_fc,Tottenham Hotspur FC,fulham_fc,Fulham FC,1,2
2025-11-29,SERIEA,2025-26,genoa_cfc,Genoa CFC,hellas_verona_fc,Hellas Verona FC,2,1
2025-11-29,SERIEA,2025-26,parma_calcio_1913,Parma Calcio 1913,udinese_calcio,Udinese Calcio,0,2
2025-11-29,SERIEA,2025-26,juventus_fc,Juventus FC,cagliari_calcio,Cagliari Calcio,2,1
2025-11-29,SERIEA,2025-26,ac_milan,AC Milan,ss_lazio,SS Lazio,1,0
2025-11-30,LALIGA,2025-26,real_sociedad_de_futbol,Real Sociedad de Fútbol,villarreal_cf,Villarreal CF,2,3
2025-11-30,LALIGA,2025-26,sevilla_fc,Sevilla FC,real_betis_balompie,Real Betis Balompié,0,2
2025-11-30,LALIGA,2025-26,rc_celta_de_vigo,RC Celta de Vigo,rcd_espanyol_de_barcelona,RCD Espanyol de Barcelona,0,1
2025-11-30,LALIGA,2025-26,girona_fc,Girona FC,real_madrid_cf,Real Madrid CF,1,1
2025-11-30,PREMIER,2025-26,crystal_palace_fc,Crystal Palace FC,manchester_united_fc,Manchester United FC,1,2
2025-11-30,PREMIER,2025-26,aston_villa_fc,Aston Villa FC,wolverhampton_wanderers_fc,Wolverhampton Wanderers FC,1,0
2025-11-30,PREMIER,2025-26,nottingham_forest_fc,Nottingham Forest FC,brighton_hove_albion_fc,Brighton & Hove Albion FC,0,2
2025-11-30,PREMIER,2025-26,west_ham_united_fc,West Ham United FC,liverpool_fc,Liverpool FC,0,2
2025-11-30,PREMIER,2025-26,chelsea_fc,Chelsea FC,arsenal_fc,Arsenal FC,1,1
2025-11-30,SERIEA,2025-26,us_lecce,US Lecce,torino_fc,Torino FC,2,1
2025-11-30,SERIEA,2025-26,ac_pisa_1909,AC Pisa 1909,fc_internazionale_milano,FC Internazionale Milano,0,2
2025-11-30,SERIEA,2025-26,atalanta_bc,Atalanta BC,acf_fiorentina,ACF Fiorentina,2,0
2025-11-30,SERIEA,2025-26,as_roma,AS Roma,ssc_napoli,SSC Napoli,0,1
2025-12-01,LALIGA,2025-26,rayo_vallecano_de_madrid,Rayo Vallecano de Madrid,valencia_cf,Valencia CF,1,1
2025-12-01,SERIEA,2025-26,bologna_fc_1909,Bologna FC 1909,us_cremonese,US Cremonese,1,3
2025-12-02,LALIGA,2025-26,fc_barcelona,FC Barcelona,club_atletico_de_madrid,Club Atlético de Madrid,3,1
2025-12-02,PREMIER,2025-26,afc_bournemouth,AFC Bournemouth,everton_fc,Everton FC,0,1
2025-12-02,PREMIER,2025-26,fulham_fc,Fulham FC,manchester_city_fc,Manchester City FC,4,5
2025-12-02,PREMIER,2025-26,newcastle_united_fc,Newcastle United FC,tottenham_hotspur_fc,Tottenham Hotspur FC,2,2
2025-12-03,LALIGA,2025-26,athletic_club,Athletic Club,real_madrid_cf,Real Madrid CF,0,3
2025-12-03,PREMIER,2025-26,brighton_hove_albion_fc,Brighton & Hove Albion FC,aston_villa_fc,Aston Villa FC,3,4
2025-12-03,PREMIER,2025-26,arsenal_fc,Arsenal FC,brentford_fc,Brentford FC,2,0
2025-12-03,PREMIER,2025-26,burnley_fc,Burnley FC,crystal_palace_fc,Crystal Palace FC,0,1
2025-12-03,PREMIER,2025-26,wolverhampton_wanderers_fc,Wolverhampton Wanderers FC,nottingham_forest_fc,Nottingham Forest FC,0,1
2025-12-03,PREMIER,2025-26,liverpool_fc,Liverpool FC,sunderland_afc,Sunderland AFC,1,1
2025-12-03,PREMIER,2025-26,leeds_united_fc,Leeds United FC,chelsea_fc,Chelsea FC,3,1
2025-12-04,PREMIER,2025-26,manchester_united_fc,Manchester United FC,west_ham_united_fc,West Ham United FC,1,1
2025-12-05,LALIGA,2025-26,real_oviedo,Real Oviedo,rcd_mallorca,RCD Mallorca,0,0
2025-12-06,LALIGA,2025-26,villarreal_cf,Villarreal CF,getafe_cf,Getafe CF,2,0
2025-12-06,LALIGA,2025-26,deportivo_alaves,Deportivo Alavés,real_sociedad_de_futbol,Real Sociedad de Fútbol,1,0
2025-12-06,LALIGA,2025-26,real_betis_balompie,Real Betis Balompié,fc_barcelona,FC Barcelona,3,5
2025-12-06,LALIGA,2025-26,athletic_club,Athletic Club,club_atletico_de_madrid,Club Atlético de Madrid,1,0
2025-12-06,PREMIER,2025-26,aston_villa_fc,Aston Villa FC,arsenal_fc,Arsenal FC,2,1
2025-12-06,PREMIER,2025-26,afc_bournemouth,AFC Bournemouth,chelsea_fc,Chelsea FC,0,0
2025-12-06,PREMIER,2025-26,everton_fc,Everton FC,nottingham_forest_fc,Nottingham Forest FC,3,0
2025-12-06,PREMIER,2025-26,manchester_city_fc,Manchester City FC,sunderland_afc,Sunderland AFC,3,0
2025-12-06,PREMIER,2025-26,newcastle_united_fc,Newcastle United FC,burnley_fc,Burnley FC,2,1
2025-12-06,PREMIER,2025-26,tottenham_hotspur_fc,Tottenham Hotspur FC,brentford_fc,Brentford FC,2,0
2025-12-06,PREMIER,2025-26,leeds_united_fc,Leeds United FC,liverpool_fc,Liverpool FC,3,3
2025-12-06,SERIEA,2025-26,us_sassuolo_calcio,US Sassuolo Calcio,acf_fiorentina,ACF Fiorentina,3,1
2025-12-06,SERIEA,2025-26,fc_internazionale_milano,FC Internazionale Milano,como_1907,Como 1907,4,0
2025-12-06,SERIEA,2025-26,hellas_verona_fc,Hellas Verona FC,atalanta_bc,Atalanta BC,3,1
2025-12-07,LALIGA,2025-26,elche_cf,Elche CF,girona_fc,Girona FC,3,0
2025-12-07,LALIGA,2025-26,valencia_cf,Valencia CF,sevilla_fc,Sevilla FC,1,1
2025-12-07,LALIGA,2025-26,rcd_espanyol_de_barcelona,RCD Espanyol de Barcelona,rayo_vallecano_de_madrid,Rayo Vallecano de Madrid,1,0
2025-12-07,LALIGA,2025-26,real_madrid_cf,Real Madrid CF,rc_celta_de_vigo,RC Celta de Vigo,0,2
2025-12-07,PREMIER,2025-26,brighton_hove_albion_fc,Brighton & Hove Albion FC,west_ham_united_fc,West Ham United FC,1,1
2025-12-07,PREMIER,2025-26,fulham_fc,Fulham FC,crystal_palace_fc,Crystal Palace FC,1,2
2025-12-07,SERIEA,2025-26,us_cremonese,US Cremonese,us_lecce,US Lecce,2,0
2025-12-07,SERIEA,2025-26,cagliari_calcio,Cagliari Calcio,as_roma,AS Roma,1,0
2025-12-07,SERIEA,2025-26,ss_lazio,SS Lazio,bologna_fc_1909,Bologna FC 1909,1,1
2025-12-07,SERIEA,2025-26,ssc_napoli,SSC Napoli,juventus_fc,Juventus FC,2,1
2025-12-08,LALIGA,2025-26,ca_osasuna,CA Osasuna,levante_ud,Levante UD,2,0
2025-12-08,PREMIER,2025-26,wolverhampton_wanderers_fc,Wolverhampton Wanderers FC,manchester_united_fc,Manchester United FC,1,4
2025-12-08,SERIEA,2025-26,ac_pisa_1909,AC Pisa 1909,parma_calcio_1913,Parma Calcio 1913,0,1
2025-12-08,SERIEA,2025-26,udinese_calcio,Udinese Calcio,genoa_cfc,Genoa CFC,1,2
2025-12-08,SERIEA,2025-26,torino_fc,Torino FC,ac_milan,AC Milan,2,3
2025-12-09,CHAMPIONS,2025-26,fk_kairat,FK Kairat,pae_olympiakos_sfp,PAE Olympiakos SFP,0,1
2025-12-09,CHAMPIONS,2025-26,fc_bayern_munchen,FC Bayern München,sporting_clube_de_portugal,Sporting Clube de Portugal,3,1
2025-12-09,CHAMPIONS,2025-26,fc_barcelona,FC Barcelona,eintracht_frankfurt,Eintracht Frankfurt,2,1
2025-12-09,CHAMPIONS,2025-26,psv,PSV,club_atletico_de_madrid,Club Atlético de Madrid,2,3
2025-12-09,CHAMPIONS,2025-26,royale_union_saint_gilloise,Royale Union Saint-Gilloise,olympique_de_marseille,Olympique de Marseille,2,3
2025-12-09,CHAMPIONS,2025-26,tottenham_hotspur_fc,Tottenham Hotspur FC,sk_slavia_praha,SK Slavia Praha,3,0
2025-12-09,CHAMPIONS,2025-26,as_monaco_fc,AS Monaco FC,galatasaray_sk,Galatasaray SK,1,0
2025-12-09,CHAMPIONS,2025-26,atalanta_bc,Atalanta BC,chelsea_fc,Chelsea FC,2,1
2025-12-09,CHAMPIONS,2025-26,fc_internazionale_milano,FC Internazionale Milano,liverpool_fc,Liverpool FC,0,1
2025-12-10,CHAMPIONS,2025-26,villarreal_cf,Villarreal CF,fc_kbenhavn,FC København,2,3
2025-12-10,CHAMPIONS,2025-26,qarabag_agdam_fk,Qarabağ Ağdam FK,afc_ajax,AFC Ajax,2,4
2025-12-10,CHAMPIONS,2025-26,borussia_dortmund,Borussia Dortmund,fk_bod_glimt,FK Bodø/Glimt,2,2
2025-12-10,CHAMPIONS,2025-26,athletic_club,Athletic Club,paris_saint_germain_fc,Paris Saint-Germain FC,0,0
2025-12-10,CHAMPIONS,2025-26,bayer_04_leverkusen,Bayer 04 Leverkusen,newcastle_united_fc,Newcastle United FC,2,2
2025-12-10,CHAMPIONS,2025-26,club_brugge_kv,Club Brugge KV,arsenal_fc,Arsenal FC,0,3
2025-12-10,CHAMPIONS,2025-26,sport_lisboa_e_benfica,Sport Lisboa e Benfica,ssc_napoli,SSC Napoli,2,0
2025-12-10,CHAMPIONS,2025-26,juventus_fc,Juventus FC,paphos_fc,Paphos FC,2,0
2025-12-10,CHAMPIONS,2025-26,real_madrid_cf,Real Madrid CF,manchester_city_fc,Manchester City FC,1,2
2025-12-12,LALIGA,2025-26,real_sociedad_de_futbol,Real Sociedad de Fútbol,girona_fc,Girona FC,1,2
2025-12-12,SERIEA,2025-26,us_lecce,US Lecce,ac_pisa_1909,AC Pisa 1909,1,0
2025-12-13,LALIGA,2025-26,club_atletico_de_madrid,Club Atlético de Madrid,valencia_cf,Valencia CF,2,1
2025-12-13,LALIGA,2025-26,rcd_mallorca,RCD Mallorca,elche_cf,Elche CF,3,1
2025-12-13,LALIGA,2025-26,fc_barcelona,FC Barcelona,ca_osasuna,CA Osasuna,2,0
2025-12-13,LALIGA,2025-26,getafe_cf,Getafe CF,rcd_espanyol_de_barcelona,RCD Espanyol de Barcelona,0,1
2025-12-13,PREMIER,2025-26,chelsea_fc,Chelsea FC,everton_fc,Everton FC,2,0
2025-12-13,PREMIER,2025-26,liverpool_fc,Liverpool FC,brighton_hove_albion_fc,Brighton & Hove Albion FC,2,0
2025-12-13,PREMIER,2025-26,burnley_fc,Burnley FC,fulham_fc,Fulham FC,2,3
2025-12-13,PREMIER,2025-26,arsenal_fc,Arsenal FC,wolverhampton_wanderers_fc,Wolverhampton Wanderers FC,2,1
2025-12-13,SERIEA,2025-26,torino_fc,Torino FC,us_cremonese,US Cremonese,1,0
2025-12-13,SERIEA,2025-26,parma_calcio_1913,Parma Calcio 1913,ss_lazio,SS Lazio,0,1
2025-12-13,SERIEA,2025-26,atalanta_bc,Atalanta BC,cagliari_calcio,Cagliari Calcio,2,1
2025-12-14,LALIGA,2025-26,sevilla_fc,Sevilla FC,real_oviedo,Real Oviedo,4,0
2025-12-14,LALIGA,2025-26,rc_celta_de_vigo,RC Celta de Vigo,athletic_club,Athletic Club,2,0
2025-12-14,LALIGA,2025-26,deportivo_alaves,Deportivo Alavés,real_madrid_cf,Real Madrid CF,1,2
2025-12-14,PREMIER,2025-26,sunderland_afc,Sunderland AFC,newcastle_united_fc,Newcastle United FC,1,0
2025-12-14,PREMIER,2025-26,crystal_palace_fc,Crystal Palace FC,manchester_city_fc,Manchester City FC,0,3
2025-12-14,PREMIER,2025-26,nottingham_forest_fc,Nottingham Forest FC,tottenham_hotspur_fc,Tottenham Hotspur FC,3,0
2025-12-14,PREMIER,2025-26,west_ham_united_fc,West Ham United FC,aston_villa_fc,Aston Villa FC,2,3
2025-12-14,PREMIER,2025-26,brentford_fc,Brentford FC,leeds_united_fc,Leeds United FC,1,1
2025-12-14,SERIEA,2025-26,ac_milan,AC Milan,us_sassuolo_calcio,US Sassuolo Calcio,2,2
2025-12-14,SERIEA,2025-26,acf_fiorentina,ACF Fiorentina,hellas_verona_fc,Hellas Verona FC,1,2
2025-12-14,SERIEA,2025-26,udinese_calcio,Udinese Calcio,ssc_napoli,SSC Napoli,1,0
2025-12-14,SERIEA,2025-26,genoa_cfc,Genoa CFC,fc_internazionale_milano,FC Internazionale Milano,1,2
2025-12-14,SERIEA,2025-26,bologna_fc_1909,Bologna FC 1909,juventus_fc,Juventus FC,0,1
2025-12-15,LALIGA,2025-26,rayo_vallecano_de_madrid,Rayo Vallecano de Madrid,real_betis_balompie,Real Betis Balompié,0,0
2025-12-15,PREMIER,2025-26,manchester_united_fc,Manchester United FC,afc_bournemouth,AFC Bournemouth,4,4
2025-12-15,SERIEA,2025-26,as_roma,AS Roma,como_1907,Como 1907,1,0
2025-12-19,LALIGA,2025-26,valencia_cf,Valencia CF,rcd_mallorca,RCD Mallorca,1,1
2025-12-20,LALIGA,2025-26,real_oviedo,Real Oviedo,rc_celta_de_vigo,RC Celta de Vigo,0,0
2025-12-20,LALIGA,2025-26,levante_ud,Levante UD,real_sociedad_de_futbol,Real Sociedad de Fútbol,1,1
2025-12-20,LALIGA,2025-26,ca_osasuna,CA Osasuna,deportivo_alaves,Deportivo Alavés,3,0
2025-12-20,LALIGA,2025-26,real_madrid_cf,Real Madrid CF,sevilla_fc,Sevilla FC,2,0
2025-12-20,PREMIER,2025-26,newcastle_united_fc,Newcastle United FC,chelsea_fc,Chelsea FC,2,2
2025-12-20,PREMIER,2025-26,afc_bournemouth,AFC Bournemouth,burnley_fc,Burnley FC,1,1
2025-12-20,PREMIER,2025-26,brighton_hove_albion_fc,Brighton & Hove Albion FC,sunderland_afc,Sunderland AFC,0,0
2025-12-20,PREMIER,2025-26,manchester_city_fc,Manchester City FC,west_ham_united_fc,West Ham United FC,3,0
2025-12-20,PREMIER,2025-26,wolverhampton_wanderers_fc,Wolverhampton Wanderers FC,brentford_fc,Brentford FC,0,2
2025-12-20,PREMIER,2025-26,tottenham_hotspur_fc,Tottenham Hotspur FC,liverpool_fc,Liverpool FC,1,2
2025-12-20,PREMIER,2025-26,everton_fc,Everton FC,arsenal_fc,Arsenal FC,0,1
2025-12-20,PREMIER,2025-26,leeds_united_fc,Leeds United FC,crystal_palace_fc,Crystal Palace FC,4,1
2025-12-20,SERIEA,2025-26,ss_lazio,SS Lazio,us_cremonese,US Cremonese,0,0
2025-12-20,SERIEA,2025-26,juventus_fc,Juventus FC,as_roma,AS Roma,2,1
2025-12-21,LALIGA,2025-26,girona_fc,Girona FC,club_atletico_de_madrid,Club Atlético de Madrid,0,3
2025-12-21,LALIGA,2025-26,villarreal_cf,Villarreal CF,fc_barcelona,FC Barcelona,0,2
2025-12-21,LALIGA,2025-26,elche_cf,Elche CF,rayo_vallecano_de_madrid,Rayo Vallecano de Madrid,4,0
2025-12-21,LALIGA,2025-26,real_betis_balompie,Real Betis Balompié,getafe_cf,Getafe CF,4,0
2025-12-21,PREMIER,2025-26,aston_villa_fc,Aston Villa FC,manchester_united_fc,Manchester United FC,2,1
2025-12-21,SERIEA,2025-26,cagliari_calcio,Cagliari Calcio,ac_pisa_1909,AC Pisa 1909,2,2
2025-12-21,SERIEA,2025-26,us_sassuolo_calcio,US Sassuolo Calcio,torino_fc,Torino FC,0,1
2025-12-21,SERIEA,2025-26,acf_fiorentina,ACF Fiorentina,udinese_calcio,Udinese Calcio,5,1
2025-12-21,SERIEA,2025-26,genoa_cfc,Genoa CFC,atalanta_bc,Atalanta BC,0,1
2025-12-22,LALIGA,2025-26,athletic_club,Athletic Club,rcd_espanyol_de_barcelona,RCD Espanyol de Barcelona,1,2
2025-12-22,PREMIER,2025-26,fulham_fc,Fulham FC,nottingham_forest_fc,Nottingham Forest FC,1,0
2025-12-26,PREMIER,2025-26,manchester_united_fc,Manchester United FC,newcastle_united_fc,Newcastle United FC,1,0
2025-12-27,PREMIER,2025-26,nottingham_forest_fc,Nottingham Forest FC,manchester_city_fc,Manchester City FC,1,2
2025-12-27,PREMIER,2025-26,arsenal_fc,Arsenal FC,brighton_hove_albion_fc,Brighton & Hove Albion FC,2,1
2025-12-27,PREMIER,2025-26,brentford_fc,Brentford FC,afc_bournemouth,AFC Bournemouth,4,1
2025-12-27,PREMIER,2025-26,burnley_fc,Burnley FC,everton_fc,Everton FC,0,0
2025-12-27,PREMIER,2025-26,liverpool_fc,Liverpool FC,wolverhampton_wanderers_fc,Wolverhampton Wanderers FC,2,1
2025-12-27,PREMIER,2025-26,west_ham_united_fc,West Ham United FC,fulham_fc,Fulham FC,0,1
2025-12-27,PREMIER,2025-26,chelsea_fc,Chelsea FC,aston_villa_fc,Aston Villa FC,1,2
2025-12-27,SERIEA,2025-26,parma_calcio_1913,Parma Calcio 1913,acf_fiorentina,ACF Fiorentina,1,0
2025-12-27,SERIEA,2025-26,torino_fc,Torino FC,cagliari_calcio,Cagliari Calcio,1,2
2025-12-27,SERIEA,2025-26,us_lecce,US Lecce,como_1907,Como 1907,0,3
2025-12-27,SERIEA,2025-26,udinese_calcio,Udinese Calcio,ss_lazio,SS Lazio,1,1
2025-12-27,SERIEA,2025-26,ac_pisa_1909,AC Pisa 1909,juventus_fc,Juventus FC,0,2
2025-12-28,PREMIER,2025-26,sunderland_afc,Sunderland AFC,leeds_united_fc,Leeds United FC,1,1
2025-12-28,PREMIER,2025-26,crystal_palace_fc,Crystal Palace FC,tottenham_hotspur_fc,Tottenham Hotspur FC,0,1
2025-12-28,SERIEA,2025-26,ac_milan,AC Milan,hellas_verona_fc,Hellas Verona FC,3,0
2025-12-28,SERIEA,2025-26,us_cremonese,US Cremonese,ssc_napoli,SSC Napoli,0,2
2025-12-28,SERIEA,2025-26,bologna_fc_1909,Bologna FC 1909,us_sassuolo_calcio,US Sassuolo Calcio,1,1
2025-12-28,SERIEA,2025-26,atalanta_bc,Atalanta BC,fc_internazionale_milano,FC Internazionale Milano,0,1
2025-12-29,SERIEA,2025-26,as_roma,AS Roma,genoa_cfc,Genoa CFC,3,1
2025-12-30,PREMIER,2025-26,burnley_fc,Burnley FC,newcastle_united_fc,Newcastle United FC,1,3
2025-12-30,PREMIER,2025-26,chelsea_fc,Chelsea FC,afc_bournemouth,AFC Bournemouth,2,2
2025-12-30,PREMIER,2025-26,nottingham_forest_fc,Nottingham Forest FC,everton_fc,Everton FC,0,2
2025-12-30,PREMIER,2025-26,west_ham_united_fc,West Ham United FC,brighton_hove_albion_fc,Brighton & Hove Albion FC,2,2
2025-12-30,PREMIER,2025-26,arsenal_fc,Arsenal FC,aston_villa_fc,Aston Villa FC,4,1
2025-12-30,PREMIER,2025-26,manchester_united_fc,Manchester United FC,wolverhampton_wanderers_fc,Wolverhampton Wanderers FC,1,1
2026-01-01,PREMIER,2025-26,crystal_palace_fc,Crystal Palace FC,fulham_fc,Fulham FC,1,1
2026-01-01,PREMIER,2025-26,liverpool_fc,Liverpool FC,leeds_united_fc,Leeds United FC,0,0
2026-01-01,PREMIER,2025-26,sunderland_afc,Sunderland AFC,manchester_city_fc,Manchester City FC,0,0
2026-01-01,PREMIER,2025-26,brentford_fc,Brentford FC,tottenham_hotspur_fc,Tottenham Hotspur FC,0,0
2026-01-02,LALIGA,2025-26,rayo_vallecano_de_madrid,Rayo Vallecano de Madrid,getafe_cf,Getafe CF,1,1
2026-01-02,SERIEA,2025-26,cagliari_calcio,Cagliari Calcio,ac_milan,AC Milan,0,1
2026-01-03,LALIGA,2025-26,rc_celta_de_vigo,RC Celta de Vigo,valencia_cf,Valencia CF,4,1
2026-01-03,LALIGA,2025-26,ca_osasuna,CA Osasuna,athletic_club,Athletic Club,1,1
2026-01-03,LALIGA,2025-26,elche_cf,Elche CF,villarreal_cf,Villarreal CF,1,3
2026-01-03,LALIGA,2025-26,rcd_espanyol_de_barcelona,RCD Espanyol de Barcelona,fc_barcelona,FC Barcelona,0,2
2026-01-03,PREMIER,2025-26,aston_villa_fc,Aston Villa FC,nottingham_forest_fc,Nottingham Forest FC,3,1
2026-01-03,PREMIER,2025-26,brighton_hove_albion_fc,Brighton & Hove Albion FC,burnley_fc,Burnley FC,2,0
2026-01-03,PREMIER,2025-26,wolverhampton_wanderers_fc,Wolverhampton Wanderers FC,west_ham_united_fc,West Ham United FC,3,0
2026-01-03,PREMIER,2025-26,afc_bournemouth,AFC Bournemouth,arsenal_fc,Arsenal FC,2,3
2026-01-03,SERIEA,2025-26,como_1907,Como 1907,udinese_calcio,Udinese Calcio,1,0
2026-01-03,SERIEA,2025-26,genoa_cfc,Genoa CFC,ac_pisa_1909,AC Pisa 1909,1,1
2026-01-03,SERIEA,2025-26,us_sassuolo_calcio,US Sassuolo Calcio,parma_calcio_1913,Parma Calcio 1913,1,1
2026-01-03,SERIEA,2025-26,juventus_fc,Juventus FC,us_lecce,US Lecce,1,1
2026-01-03,SERIEA,2025-26,atalanta_bc,Atalanta BC,as_roma,AS Roma,1,0
2026-01-04,LALIGA,2025-26,sevilla_fc,Sevilla FC,levante_ud,Levante UD,0,3
2026-01-04,LALIGA,2025-26,real_madrid_cf,Real Madrid CF,real_betis_balompie,Real Betis Balompié,5,1
2026-01-04,LALIGA,2025-26,deportivo_alaves,Deportivo Alavés,real_oviedo,Real Oviedo,1,1
2026-01-04,LALIGA,2025-26,rcd_mallorca,RCD Mallorca,girona_fc,Girona FC,1,2
2026-01-04,LALIGA,2025-26,real_sociedad_de_futbol,Real Sociedad de Fútbol,club_atletico_de_madrid,Club Atlético de Madrid,1,1
2026-01-04,PREMIER,2025-26,leeds_united_fc,Leeds United FC,manchester_united_fc,Manchester United FC,1,1
2026-01-04,PREMIER,2025-26,everton_fc,Everton FC,brentford_fc,Brentford FC,2,4
2026-01-04,PREMIER,2025-26,newcastle_united_fc,Newcastle United FC,crystal_palace_fc,Crystal Palace FC,2,0
2026-01-04,PREMIER,2025-26,tottenham_hotspur_fc,Tottenham Hotspur FC,sunderland_afc,Sunderland AFC,1,1
2026-01-04,PREMIER,2025-26,fulham_fc,Fulham FC,liverpool_fc,Liverpool FC,2,2
2026-01-04,PREMIER,2025-26,manchester_city_fc,Manchester City FC,chelsea_fc,Chelsea FC,1,1
2026-01-04,SERIEA,2025-26,ss_lazio,SS Lazio,ssc_napoli,SSC Napoli,0,2
2026-01-04,SERIEA,2025-26,acf_fiorentina,ACF Fiorentina,us_cremonese,US Cremonese,1,0
2026-01-04,SERIEA,2025-26,hellas_verona_fc,Hellas Verona FC,torino_fc,Torino FC,0,3
2026-01-04,SERIEA,2025-26,fc_internazionale_milano,FC Internazionale Milano,bologna_fc_1909,Bologna FC 1909,3,1
2026-01-06,PREMIER,2025-26,west_ham_united_fc,West Ham United FC,nottingham_forest_fc,Nottingham Forest FC,1,2
2026-01-06,SERIEA,2025-26,ac_pisa_1909,AC Pisa 1909,como_1907,Como 1907,0,3
2026-01-06,SERIEA,2025-26,us_lecce,US Lecce,as_roma,AS Roma,0,2
2026-01-06,SERIEA,2025-26,us_sassuolo_calcio,US Sassuolo Calcio,juventus_fc,Juventus FC,0,3
2026-01-07,PREMIER,2025-26,afc_bournemouth,AFC Bournemouth,tottenham_hotspur_fc,Tottenham Hotspur FC,3,2
2026-01-07,PREMIER,2025-26,crystal_palace_fc,Crystal Palace FC,aston_villa_fc,Aston Villa FC,0,0
2026-01-07,PREMIER,2025-26,brentford_fc,Brentford FC,sunderland_afc,Sunderland AFC,3,0
2026-01-07,PREMIER,2025-26,everton_fc,Everton FC,wolverhampton_wanderers_fc,Wolverhampton Wanderers FC,1,1
2026-01-07,PREMIER,2025-26,fulham_fc,Fulham FC,chelsea_fc,Chelsea FC,2,1
2026-01-07,PREMIER,2025-26,manchester_city_fc,Manchester City FC,brighton_hove_albion_fc,Brighton & Hove Albion FC,1,1
2026-01-07,PREMIER,2025-26,burnley_fc,Burnley FC,manchester_united_fc,Manchester United FC,2,2
2026-01-07,PREMIER,2025-26,newcastle_united_fc,Newcastle United FC,leeds_united_fc,Leeds United FC,4,3
2026-01-07,SERIEA,2025-26,bologna_fc_1909,Bologna FC 1909,atalanta_bc,Atalanta BC,0,2
2026-01-07,SERIEA,2025-26,ssc_napoli,SSC Napoli,hellas_verona_fc,Hellas Verona FC,2,2
2026-01-07,SERIEA,2025-26,torino_fc,Torino FC,udinese_calcio,Udinese Calcio,1,2
2026-01-07,SERIEA,2025-26,ss_lazio,SS Lazio,acf_fiorentina,ACF Fiorentina,2,2
2026-01-07,SERIEA,2025-26,parma_calcio_1913,Parma Calcio 1913,fc_internazionale_milano,FC Internazionale Milano,0,2
2026-01-08,PREMIER,2025-26,arsenal_fc,Arsenal FC,liverpool_fc,Liverpool FC,0,0
2026-01-08,SERIEA,2025-26,us_cremonese,US Cremonese,cagliari_calcio,Cagliari Calcio,2,2
2026-01-08,SERIEA,2025-26,ac_milan,AC Milan,genoa_cfc,Genoa CFC,1,1
2026-01-09,LALIGA,2025-26,getafe_cf,Getafe CF,real_sociedad_de_futbol,Real Sociedad de Fútbol,1,2
2026-01-10,LALIGA,2025-26,real_oviedo,Real Oviedo,real_betis_balompie,Real Betis Balompié,1,1
2026-01-10,LALIGA,2025-26,villarreal_cf,Villarreal CF,deportivo_alaves,Deportivo Alavés,3,1
2026-01-10,LALIGA,2025-26,girona_fc,Girona FC,ca_osasuna,CA Osasuna,1,0
2026-01-10,LALIGA,2025-26,valencia_cf,Valencia CF,elche_cf,Elche CF,1,1
2026-01-10,SERIEA,2025-26,como_1907,Como 1907,bologna_fc_1909,Bologna FC 1909,1,1
2026-01-10,SERIEA,2025-26,udinese_calcio,Udinese Calcio,ac_pisa_1909,AC Pisa 1909,2,2
2026-01-10,SERIEA,2025-26,as_roma,AS Roma,us_sassuolo_calcio,US Sassuolo Calcio,2,0
2026-01-10,SERIEA,2025-26,atalanta_bc,Atalanta BC,torino_fc,Torino FC,2,0
2026-01-11,LALIGA,2025-26,rayo_vallecano_de_madrid,Rayo Vallecano de Madrid,rcd_mallorca,RCD Mallorca,2,1
2026-01-11,LALIGA,2025-26,levante_ud,Levante UD,rcd_espanyol_de_barcelona,RCD Espanyol de Barcelona,1,1
2026-01-11,SERIEA,2025-26,us_lecce,US Lecce,parma_calcio_1913,Parma Calcio 1913,1,2
2026-01-11,SERIEA,2025-26,acf_fiorentina,ACF Fiorentina,ac_milan,AC Milan,1,1
2026-01-11,SERIEA,2025-26,hellas_verona_fc,Hellas Verona FC,ss_lazio,SS Lazio,0,1
2026-01-11,SERIEA,2025-26,fc_internazionale_milano,FC Internazionale Milano,ssc_napoli,SSC Napoli,2,2
2026-01-12,LALIGA,2025-26,sevilla_fc,Sevilla FC,rc_celta_de_vigo,RC Celta de Vigo,0,1
2026-01-12,SERIEA,2025-26,genoa_cfc,Genoa CFC,cagliari_calcio,Cagliari Calcio,3,0
2026-01-12,SERIEA,2025-26,juventus_fc,Juventus FC,us_cremonese,US Cremonese,5,0
2026-01-14,SERIEA,2025-26,ssc_napoli,SSC Napoli,parma_calcio_1913,Parma Calcio 1913,0,0
2026-01-14,SERIEA,2025-26,fc_internazionale_milano,FC Internazionale Milano,us_lecce,US Lecce,1,0
2026-01-15,SERIEA,2025-26,hellas_verona_fc,Hellas Verona FC,bologna_fc_1909,Bologna FC 1909,2,3
2026-01-15,SERIEA,2025-26,como_1907,Como 1907,ac_milan,AC Milan,1,3
2026-01-16,LALIGA,2025-26,rcd_espanyol_de_barcelona,RCD Espanyol de Barcelona,girona_fc,Girona FC,0,2
2026-01-16,SERIEA,2025-26,ac_pisa_1909,AC Pisa 1909,atalanta_bc,Atalanta BC,1,1
2026-01-17,LALIGA,2025-26,real_madrid_cf,Real Madrid CF,levante_ud,Levante UD,2,0
2026-01-17,LALIGA,2025-26,rcd_mallorca,RCD Mallorca,athletic_club,Athletic Club,3,2
2026-01-17,LALIGA,2025-26,ca_osasuna,CA Osasuna,real_oviedo,Real Oviedo,3,2
2026-01-17,LALIGA,2025-26,real_betis_balompie,Real Betis Balompié,villarreal_cf,Villarreal CF,2,0
2026-01-17,PREMIER,2025-26,manchester_united_fc,Manchester United FC,manchester_city_fc,Manchester City FC,2,0
2026-01-17,PREMIER,2025-26,sunderland_afc,Sunderland AFC,crystal_palace_fc,Crystal Palace FC,2,1
2026-01-17,PREMIER,2025-26,chelsea_fc,Chelsea FC,brentford_fc,Brentford FC,2,0
2026-01-17,PREMIER,2025-26,liverpool_fc,Liverpool FC,burnley_fc,Burnley FC,1,1
2026-01-17,PREMIER,2025-26,leeds_united_fc,Leeds United FC,fulham_fc,Fulham FC,1,0
2026-01-17,PREMIER,2025-26,tottenham_hotspur_fc,Tottenham Hotspur FC,west_ham_united_fc,West Ham United FC,1,2
2026-01-17,PREMIER,2025-26,nottingham_forest_fc,Nottingham Forest FC,arsenal_fc,Arsenal FC,0,0
2026-01-17,SERIEA,2025-26,udinese_calcio,Udinese Calcio,fc_internazionale_milano,FC Internazionale Milano,0,1
2026-01-17,SERIEA,2025-26,ssc_napoli,SSC Napoli,us_sassuolo_calcio,US Sassuolo Calcio,1,0
2026-01-17,SERIEA,2025-26,cagliari_calcio,Cagliari Calcio,juventus_fc,Juventus FC,1,0
2026-01-18,LALIGA,2025-26,getafe_cf,Getafe CF,valencia_cf,Valencia CF,0,1
2026-01-18,LALIGA,2025-26,club_atletico_de_madrid,Club Atlético de Madrid,deportivo_alaves,Deportivo Alavés,1,0
2026-01-18,LALIGA,2025-26,rc_celta_de_vigo,RC Celta de Vigo,rayo_vallecano_de_madrid,Rayo Vallecano de Madrid,3,0
2026-01-18,LALIGA,2025-26,real_sociedad_de_futbol,Real Sociedad de Fútbol,fc_barcelona,FC Barcelona,2,1
2026-01-18,PREMIER,2025-26,wolverhampton_wanderers_fc,Wolverhampton Wanderers FC,newcastle_united_fc,Newcastle United FC,0,0
2026-01-18,PREMIER,2025-26,aston_villa_fc,Aston Villa FC,everton_fc,Everton FC,0,1
2026-01-18,SERIEA,2025-26,parma_calcio_1913,Parma Calcio 1913,genoa_cfc,Genoa CFC,0,0
2026-01-18,SERIEA,2025-26,bologna_fc_1909,Bologna FC 1909,acf_fiorentina,ACF Fiorentina,1,2
2026-01-18,SERIEA,2025-26,torino_fc,Torino FC,as_roma,AS Roma,0,2
2026-01-18,SERIEA,2025-26,ac_milan,AC Milan,us_lecce,US Lecce,1,0
2026-01-19,LALIGA,2025-26,elche_cf,Elche CF,sevilla_fc,Sevilla FC,2,2
2026-01-19,PREMIER,2025-26,brighton_hove_albion_fc,Brighton & Hove Albion FC,afc_bournemouth,AFC Bournemouth,1,1
2026-01-19,SERIEA,2025-26,us_cremonese,US Cremonese,hellas_verona_fc,Hellas Verona FC,0,0
2026-01-19,SERIEA,2025-26,ss_lazio,SS Lazio,como_1907,Como 1907,0,3
2026-01-20,CHAMPIONS,2025-26,fk_kairat,FK Kairat,club_brugge_kv,Club Brugge KV,1,4
2026-01-20,CHAMPIONS,2025-26,fk_bod_glimt,FK Bodø/Glimt,manchester_city_fc,Manchester City FC,3,1
2026-01-20,CHAMPIONS,2025-26,tottenham_hotspur_fc,Tottenham Hotspur FC,borussia_dortmund,Borussia Dortmund,2,0
2026-01-20,CHAMPIONS,2025-26,sporting_clube_de_portugal,Sporting Clube de Portugal,paris_saint_germain_fc,Paris Saint-Germain FC,2,1
2026-01-20,CHAMPIONS,2025-26,pae_olympiakos_sfp,PAE Olympiakos SFP,bayer_04_leverkusen,Bayer 04 Leverkusen,2,0
2026-01-20,CHAMPIONS,2025-26,villarreal_cf,Villarreal CF,afc_ajax,AFC Ajax,1,2
2026-01-20,CHAMPIONS,2025-26,fc_kbenhavn,FC København,ssc_napoli,SSC Napoli,1,1
2026-01-20,CHAMPIONS,2025-26,real_madrid_cf,Real Madrid CF,as_monaco_fc,AS Monaco FC,6,1
2026-01-20,CHAMPIONS,2025-26,fc_internazionale_milano,FC Internazionale Milano,arsenal_fc,Arsenal FC,1,3
2026-01-21,CHAMPIONS,2025-26,qarabag_agdam_fk,Qarabağ Ağdam FK,eintracht_frankfurt,Eintracht Frankfurt,3,2
2026-01-21,CHAMPIONS,2025-26,galatasaray_sk,Galatasaray SK,club_atletico_de_madrid,Club Atlético de Madrid,1,1
2026-01-21,CHAMPIONS,2025-26,olympique_de_marseille,Olympique de Marseille,liverpool_fc,Liverpool FC,0,3
2026-01-21,CHAMPIONS,2025-26,sk_slavia_praha,SK Slavia Praha,fc_barcelona,FC Barcelona,2,4
2026-01-21,CHAMPIONS,2025-26,atalanta_bc,Atalanta BC,athletic_club,Athletic Club,2,3
2026-01-21,CHAMPIONS,2025-26,juventus_fc,Juventus FC,sport_lisboa_e_benfica,Sport Lisboa e Benfica,2,0
2026-01-21,CHAMPIONS,2025-26,newcastle_united_fc,Newcastle United FC,psv,PSV,3,0
2026-01-21,CHAMPIONS,2025-26,fc_bayern_munchen,FC Bayern München,royale_union_saint_gilloise,Royale Union Saint-Gilloise,2,0
2026-01-21,CHAMPIONS,2025-26,chelsea_fc,Chelsea FC,paphos_fc,Paphos FC,1,0
2026-01-23,LALIGA,2025-26,levante_ud,Levante UD,elche_cf,Elche CF,3,2
2026-01-23,SERIEA,2025-26,fc_internazionale_milano,FC Internazionale Milano,ac_pisa_1909,AC Pisa 1909,6,2
2026-01-24,LALIGA,2025-26,rayo_vallecano_de_madrid,Rayo Vallecano de Madrid,ca_osasuna,CA Osasuna,1,3
2026-01-24,LALIGA,2025-26,valencia_cf,Valencia CF,rcd_espanyol_de_barcelona,RCD Espanyol de Barcelona,3,2
2026-01-24,LALIGA,2025-26,sevilla_fc,Sevilla FC,athletic_club,Athletic Club,2,1
2026-01-24,LALIGA,2025-26,villarreal_cf,Villarreal CF,real_madrid_cf,Real Madrid CF,0,2
2026-01-24,PREMIER,2025-26,west_ham_united_fc,West Ham United FC,sunderland_afc,Sunderland AFC,3,1
2026-01-24,PREMIER,2025-26,burnley_fc,Burnley FC,tottenham_hotspur_fc,Tottenham Hotspur FC,2,2
2026-01-24,PREMIER,2025-26,fulham_fc,Fulham FC,brighton_hove_albion_fc,Brighton & Hove Albion FC,2,1
2026-01-24,PREMIER,2025-26,manchester_city_fc,Manchester City FC,wolverhampton_wanderers_fc,Wolverhampton Wanderers FC,2,0
2026-01-24,PREMIER,2025-26,afc_bournemouth,AFC Bournemouth,liverpool_fc,Liverpool FC,3,2
2026-01-24,SERIEA,2025-26,como_1907,Como 1907,torino_fc,Torino FC,6,0
2026-01-24,SERIEA,2025-26,acf_fiorentina,ACF Fiorentina,cagliari_calcio,Cagliari Calcio,1,2
2026-01-24,SERIEA,2025-26,us_lecce,US Lecce,ss_lazio,SS Lazio,0,0
2026-01-25,LALIGA,2025-26,club_atletico_de_madrid,Club Atlético de Madrid,rcd_mallorca,RCD Mallorca,3,0
2026-01-25,LALIGA,2025-26,fc_barcelona,FC Barcelona,real_oviedo,Real Oviedo,3,0
2026-01-25,LALIGA,2025-26,real_sociedad_de_futbol,Real Sociedad de Fútbol,rc_celta_de_vigo,RC Celta de Vigo,3,1
2026-01-25,LALIGA,2025-26,deportivo_alaves,Deportivo Alavés,real_betis_balompie,Real Betis Balompié,2,1
2026-01-25,PREMIER,2025-26,crystal_palace_fc,Crystal Palace FC,chelsea_fc,Chelsea FC,1,3
2026-01-25,PREMIER,2025-26,brentford_fc,Brentford FC,nottingham_forest_fc,Nottingham Forest FC,0,2
2026-01-25,PREMIER,2025-26,newcastle_united_fc,Newcastle United FC,aston_villa_fc,Aston Villa FC,0,2
2026-01-25,PREMIER,2025-26,arsenal_fc,Arsenal FC,manchester_united_fc,Manchester United FC,2,3
2026-01-25,SERIEA,2025-26,us_sassuolo_calcio,US Sassuolo Calcio,us_cremonese,US Cremonese,1,0
2026-01-25,SERIEA,2025-26,atalanta_bc,Atalanta BC,parma_calcio_1913,Parma Calcio 1913,4,0
2026-01-25,SERIEA,2025-26,genoa_cfc,Genoa CFC,bologna_fc_1909,Bologna FC 1909,3,2
2026-01-25,SERIEA,2025-26,juventus_fc,Juventus FC,ssc_napoli,SSC Napoli,3,0
2026-01-25,SERIEA,2025-26,as_roma,AS Roma,ac_milan,AC Milan,1,1
2026-01-26,LALIGA,2025-26,girona_fc,Girona FC,getafe_cf,Getafe CF,1,1
2026-01-26,PREMIER,2025-26,everton_fc,Everton FC,leeds_united_fc,Leeds United FC,1,1
2026-01-26,SERIEA,2025-26,hellas_verona_fc,Hellas Verona FC,udinese_calcio,Udinese Calcio,1,3
2026-01-28,CHAMPIONS,2025-26,liverpool_fc,Liverpool FC,qarabag_agdam_fk,Qarabağ Ağdam FK,6,0
2026-01-28,CHAMPIONS,2025-26,fc_barcelona,FC Barcelona,fc_kbenhavn,FC København,4,1
2026-01-28,CHAMPIONS,2025-26,manchester_city_fc,Manchester City FC,galatasaray_sk,Galatasaray SK,2,0
2026-01-28,CHAMPIONS,2025-26,bayer_04_leverkusen,Bayer 04 Leverkusen,villarreal_cf,Villarreal CF,3,0
2026-01-28,CHAMPIONS,2025-26,arsenal_fc,Arsenal FC,fk_kairat,FK Kairat,3,2
2026-01-28,CHAMPIONS,2025-26,royale_union_saint_gilloise,Royale Union Saint-Gilloise,atalanta_bc,Atalanta BC,1,0
2026-01-28,CHAMPIONS,2025-26,club_brugge_kv,Club Brugge KV,olympique_de_marseille,Olympique de Marseille,3,0
2026-01-28,CHAMPIONS,2025-26,eintracht_frankfurt,Eintracht Frankfurt,tottenham_hotspur_fc,Tottenham Hotspur FC,0,2
2026-01-28,CHAMPIONS,2025-26,as_monaco_fc,AS Monaco FC,juventus_fc,Juventus FC,0,0
2026-01-28,CHAMPIONS,2025-26,club_atletico_de_madrid,Club Atlético de Madrid,fk_bod_glimt,FK Bodø/Glimt,1,2
2026-01-28,CHAMPIONS,2025-26,athletic_club,Athletic Club,sporting_clube_de_portugal,Sporting Clube de Portugal,2,3
2026-01-28,CHAMPIONS,2025-26,afc_ajax,AFC Ajax,pae_olympiakos_sfp,PAE Olympiakos SFP,1,2
2026-01-28,CHAMPIONS,2025-26,paris_saint_germain_fc,Paris Saint-Germain FC,newcastle_united_fc,Newcastle United FC,1,1
2026-01-28,CHAMPIONS,2025-26,paphos_fc,Paphos FC,sk_slavia_praha,SK Slavia Praha,4,1
2026-01-28,CHAMPIONS,2025-26,psv,PSV,fc_bayern_munchen,FC Bayern München,1,2
2026-01-28,CHAMPIONS,2025-26,ssc_napoli,SSC Napoli,chelsea_fc,Chelsea FC,2,3
2026-01-28,CHAMPIONS,2025-26,sport_lisboa_e_benfica,Sport Lisboa e Benfica,real_madrid_cf,Real Madrid CF,4,2
2026-01-28,CHAMPIONS,2025-26,borussia_dortmund,Borussia Dortmund,fc_internazionale_milano,FC Internazionale Milano,0,2
2026-01-30,LALIGA,2025-26,rcd_espanyol_de_barcelona,RCD Espanyol de Barcelona,deportivo_alaves,Deportivo Alavés,1,2
2026-01-30,SERIEA,2025-26,ss_lazio,SS Lazio,genoa_cfc,Genoa CFC,3,2
2026-01-31,LALIGA,2025-26,real_oviedo,Real Oviedo,girona_fc,Girona FC,1,0
2026-01-31,LALIGA,2025-26,ca_osasuna,CA Osasuna,villarreal_cf,Villarreal CF,2,2
2026-01-31,LALIGA,2025-26,levante_ud,Levante UD,club_atletico_de_madrid,Club Atlético de Madrid,0,0
2026-01-31,LALIGA,2025-26,elche_cf,Elche CF,fc_barcelona,FC Barcelona,1,3
2026-01-31,PREMIER,2025-26,brighton_hove_albion_fc,Brighton & Hove Albion FC,everton_fc,Everton FC,1,1
2026-01-31,PREMIER,2025-26,leeds_united_fc,Leeds United FC,arsenal_fc,Arsenal FC,0,4
2026-01-31,PREMIER,2025-26,wolverhampton_wanderers_fc,Wolverhampton Wanderers FC,afc_bournemouth,AFC Bournemouth,0,2
2026-01-31,PREMIER,2025-26,chelsea_fc,Chelsea FC,west_ham_united_fc,West Ham United FC,3,2
2026-01-31,PREMIER,2025-26,liverpool_fc,Liverpool FC,newcastle_united_fc,Newcastle United FC,4,1
2026-01-31,SERIEA,2025-26,ac_pisa_1909,AC Pisa 1909,us_sassuolo_calcio,US Sassuolo Calcio,1,3
2026-01-31,SERIEA,2025-26,ssc_napoli,SSC Napoli,acf_fiorentina,ACF Fiorentina,2,1
2026-01-31,SERIEA,2025-26,cagliari_calcio,Cagliari Calcio,hellas_verona_fc,Hellas Verona FC,4,0
2026-02-01,LALIGA,2025-26,real_madrid_cf,Real Madrid CF,rayo_vallecano_de_madrid,Rayo Vallecano de Madrid,2,1
2026-02-01,LALIGA,2025-26,real_betis_balompie,Real Betis Balompié,valencia_cf,Valencia CF,2,1
2026-02-01,LALIGA,2025-26,getafe_cf,Getafe CF,rc_celta_de_vigo,RC Celta de Vigo,0,0
2026-02-01,LALIGA,2025-26,athletic_club,Athletic Club,real_sociedad_de_futbol,Real Sociedad de Fútbol,1,1
2026-02-01,PREMIER,2025-26,aston_villa_fc,Aston Villa FC,brentford_fc,Brentford FC,0,1
2026-02-01,PREMIER,2025-26,manchester_united_fc,Manchester United FC,fulham_fc,Fulham FC,3,2
2026-02-01,PREMIER,2025-26,nottingham_forest_fc,Nottingham Forest FC,crystal_palace_fc,Crystal Palace FC,1,1
2026-02-01,PREMIER,2025-26,tottenham_hotspur_fc,Tottenham Hotspur FC,manchester_city_fc,Manchester City FC,2,2
2026-02-01,SERIEA,2025-26,torino_fc,Torino FC,us_lecce,US Lecce,1,0
2026-02-01,SERIEA,2025-26,como_1907,Como 1907,atalanta_bc,Atalanta BC,0,0
2026-02-01,SERIEA,2025-26,us_cremonese,US Cremonese,fc_internazionale_milano,FC Internazionale Milano,0,2
2026-02-01,SERIEA,2025-26,parma_calcio_1913,Parma Calcio 1913,juventus_fc,Juventus FC,1,4
2026-02-02,LALIGA,2025-26,rcd_mallorca,RCD Mallorca,sevilla_fc,Sevilla FC,4,1
2026-02-02,PREMIER,2025-26,sunderland_afc,Sunderland AFC,burnley_fc,Burnley FC,3,0
2026-02-02,SERIEA,2025-26,udinese_calcio,Udinese Calcio,as_roma,AS Roma,1,0
2026-02-03,SERIEA,2025-26,bologna_fc_1909,Bologna FC 1909,ac_milan,AC Milan,0,3
2026-02-06,LALIGA,2025-26,rc_celta_de_vigo,RC Celta de Vigo,ca_osasuna,CA Osasuna,1,2
2026-02-06,PREMIER,2025-26,leeds_united_fc,Leeds United FC,nottingham_forest_fc,Nottingham Forest FC,3,1
2026-02-06,SERIEA,2025-26,hellas_verona_fc,Hellas Verona FC,ac_pisa_1909,AC Pisa 1909,0,0
2026-02-07,LALIGA,2025-26,fc_barcelona,FC Barcelona,rcd_mallorca,RCD Mallorca,3,0
2026-02-07,LALIGA,2025-26,real_sociedad_de_futbol,Real Sociedad de Fútbol,elche_cf,Elche CF,3,1
2026-02-07,PREMIER,2025-26,manchester_united_fc,Manchester United FC,tottenham_hotspur_fc,Tottenham Hotspur FC,2,0
2026-02-07,PREMIER,2025-26,afc_bournemouth,AFC Bournemouth,aston_villa_fc,Aston Villa FC,1,1
2026-02-07,PREMIER,2025-26,arsenal_fc,Arsenal FC,sunderland_afc,Sunderland AFC,3,0
2026-02-07,PREMIER,2025-26,burnley_fc,Burnley FC,west_ham_united_fc,West Ham United FC,0,2
2026-02-07,PREMIER,2025-26,fulham_fc,Fulham FC,everton_fc,Everton FC,1,2
2026-02-07,PREMIER,2025-26,wolverhampton_wanderers_fc,Wolverhampton Wanderers FC,chelsea_fc,Chelsea FC,1,3
2026-02-07,PREMIER,2025-26,newcastle_united_fc,Newcastle United FC,brentford_fc,Brentford FC,2,3
2026-02-07,SERIEA,2025-26,genoa_cfc,Genoa CFC,ssc_napoli,SSC Napoli,2,3
2026-02-07,SERIEA,2025-26,acf_fiorentina,ACF Fiorentina,torino_fc,Torino FC,2,2
2026-02-08,LALIGA,2025-26,deportivo_alaves,Deportivo Alavés,getafe_cf,Getafe CF,0,2
2026-02-08,LALIGA,2025-26,athletic_club,Athletic Club,levante_ud,Levante UD,4,2
2026-02-08,LALIGA,2025-26,sevilla_fc,Sevilla FC,girona_fc,Girona FC,1,1
2026-02-08,LALIGA,2025-26,club_atletico_de_madrid,Club Atlético de Madrid,real_betis_balompie,Real Betis Balompié,0,1
2026-02-08,LALIGA,2025-26,valencia_cf,Valencia CF,real_madrid_cf,Real Madrid CF,0,2
2026-02-08,PREMIER,2025-26,brighton_hove_albion_fc,Brighton & Hove Albion FC,crystal_palace_fc,Crystal Palace FC,0,1
2026-02-08,PREMIER,2025-26,liverpool_fc,Liverpool FC,manchester_city_fc,Manchester City FC,1,2
2026-02-08,SERIEA,2025-26,bologna_fc_1909,Bologna FC 1909,parma_calcio_1913,Parma Calcio 1913,0,1
2026-02-08,SERIEA,2025-26,us_lecce,US Lecce,udinese_calcio,Udinese Calcio,2,1
2026-02-08,SERIEA,2025-26,us_sassuolo_calcio,US Sassuolo Calcio,fc_internazionale_milano,FC Internazionale Milano,0,5
2026-02-08,SERIEA,2025-26,juventus_fc,Juventus FC,ss_lazio,SS Lazio,2,2
2026-02-09,LALIGA,2025-26,villarreal_cf,Villarreal CF,rcd_espanyol_de_barcelona,RCD Espanyol de Barcelona,4,1
2026-02-09,SERIEA,2025-26,atalanta_bc,Atalanta BC,us_cremonese,US Cremonese,2,1
2026-02-09,SERIEA,2025-26,as_roma,AS Roma,cagliari_calcio,Cagliari Calcio,2,0
2026-02-10,PREMIER,2025-26,chelsea_fc,Chelsea FC,leeds_united_fc,Leeds United FC,2,2
2026-02-10,PREMIER,2025-26,everton_fc,Everton FC,afc_bournemouth,AFC Bournemouth,1,2
2026-02-10,PREMIER,2025-26,tottenham_hotspur_fc,Tottenham Hotspur FC,newcastle_united_fc,Newcastle United FC,1,2
2026-02-10,PREMIER,2025-26,west_ham_united_fc,West Ham United FC,manchester_united_fc,Manchester United FC,1,1
2026-02-11,PREMIER,2025-26,aston_villa_fc,Aston Villa FC,brighton_hove_albion_fc,Brighton & Hove Albion FC,1,0
2026-02-11,PREMIER,2025-26,manchester_city_fc,Manchester City FC,fulham_fc,Fulham FC,3,0
2026-02-11,PREMIER,2025-26,nottingham_forest_fc,Nottingham Forest FC,wolverhampton_wanderers_fc,Wolverhampton Wanderers FC,0,0
2026-02-11,PREMIER,2025-26,crystal_palace_fc,Crystal Palace FC,burnley_fc,Burnley FC,2,3
2026-02-11,PREMIER,2025-26,sunderland_afc,Sunderland AFC,liverpool_fc,Liverpool FC,0,1
2026-02-12,PREMIER,2025-26,brentford_fc,Brentford FC,arsenal_fc,Arsenal FC,1,1
2026-02-13,LALIGA,2025-26,elche_cf,Elche CF,ca_osasuna,CA Osasuna,0,0
2026-02-13,SERIEA,2025-26,ac_pisa_1909,AC Pisa 1909,ac_milan,AC Milan,1,2
2026-02-14,LALIGA,2025-26,rcd_espanyol_de_barcelona,RCD Espanyol de Barcelona,rc_celta_de_vigo,RC Celta de Vigo,2,2
2026-02-14,LALIGA,2025-26,getafe_cf,Getafe CF,villarreal_cf,Villarreal CF,2,1
2026-02-14,LALIGA,2025-26,sevilla_fc,Sevilla FC,deportivo_alaves,Deportivo Alavés,1,1
2026-02-14,LALIGA,2025-26,real_madrid_cf,Real Madrid CF,real_sociedad_de_futbol,Real Sociedad de Fútbol,4,1
2026-02-14,SERIEA,2025-26,como_1907,Como 1907,acf_fiorentina,ACF Fiorentina,1,2
2026-02-14,SERIEA,2025-26,ss_lazio,SS Lazio,atalanta_bc,Atalanta BC,0,2
2026-02-14,SERIEA,2025-26,fc_internazionale_milano,FC Internazionale Milano,juventus_fc,Juventus FC,3,2
2026-02-15,LALIGA,2025-26,real_oviedo,Real Oviedo,athletic_club,Athletic Club,1,2
2026-02-15,LALIGA,2025-26,rayo_vallecano_de_madrid,Rayo Vallecano de Madrid,club_atletico_de_madrid,Club Atlético de Madrid,3,0
2026-02-15,LALIGA,2025-26,levante_ud,Levante UD,valencia_cf,Valencia CF,0,2
2026-02-15,LALIGA,2025-26,rcd_mallorca,RCD Mallorca,real_betis_balompie,Real Betis Balompié,1,2
2026-02-15,SERIEA,2025-26,udinese_calcio,Udinese Calcio,us_sassuolo_calcio,US Sassuolo Calcio,1,2
2026-02-15,SERIEA,2025-26,parma_calcio_1913,Parma Calcio 1913,hellas_verona_fc,Hellas Verona FC,2,1
2026-02-15,SERIEA,2025-26,us_cremonese,US Cremonese,genoa_cfc,Genoa CFC,0,0
2026-02-15,SERIEA,2025-26,torino_fc,Torino FC,bologna_fc_1909,Bologna FC 1909,1,2
2026-02-15,SERIEA,2025-26,ssc_napoli,SSC Napoli,as_roma,AS Roma,2,2
2026-02-16,LALIGA,2025-26,girona_fc,Girona FC,fc_barcelona,FC Barcelona,2,1
2026-02-16,SERIEA,2025-26,cagliari_calcio,Cagliari Calcio,us_lecce,US Lecce,0,2
2026-02-17,CHAMPIONS,2025-26,galatasaray_sk,Galatasaray SK,juventus_fc,Juventus FC,5,2
2026-02-17,CHAMPIONS,2025-26,sport_lisboa_e_benfica,Sport Lisboa e Benfica,real_madrid_cf,Real Madrid CF,0,1
2026-02-17,CHAMPIONS,2025-26,as_monaco_fc,AS Monaco FC,paris_saint_germain_fc,Paris Saint-Germain FC,2,3
2026-02-17,CHAMPIONS,2025-26,borussia_dortmund,Borussia Dortmund,atalanta_bc,Atalanta BC,2,0
2026-02-18,CHAMPIONS,2025-26,qarabag_agdam_fk,Qarabağ Ağdam FK,newcastle_united_fc,Newcastle United FC,1,6
2026-02-18,CHAMPIONS,2025-26,club_brugge_kv,Club Brugge KV,club_atletico_de_madrid,Club Atlético de Madrid,3,3
2026-02-18,CHAMPIONS,2025-26,pae_olympiakos_sfp,PAE Olympiakos SFP,bayer_04_leverkusen,Bayer 04 Leverkusen,0,2
2026-02-18,CHAMPIONS,2025-26,fk_bod_glimt,FK Bodø/Glimt,fc_internazionale_milano,FC Internazionale Milano,3,1
2026-02-18,LALIGA,2025-26,levante_ud,Levante UD,villarreal_cf,Villarreal CF,0,1
2026-02-18,PREMIER,2025-26,wolverhampton_wanderers_fc,Wolverhampton Wanderers FC,arsenal_fc,Arsenal FC,2,2
2026-02-18,SERIEA,2025-26,ac_milan,AC Milan,como_1907,Como 1907,1,1
2026-02-20,LALIGA,2025-26,athletic_club,Athletic Club,elche_cf,Elche CF,2,1
2026-02-20,SERIEA,2025-26,us_sassuolo_calcio,US Sassuolo Calcio,hellas_verona_fc,Hellas Verona FC,3,0
2026-02-21,LALIGA,2025-26,real_sociedad_de_futbol,Real Sociedad de Fútbol,real_oviedo,Real Oviedo,3,3
2026-02-21,LALIGA,2025-26,real_betis_balompie,Real Betis Balompié,rayo_vallecano_de_madrid,Rayo Vallecano de Madrid,1,1
2026-02-21,LALIGA,2025-26,ca_osasuna,CA Osasuna,real_madrid_cf,Real Madrid CF,2,1
2026-02-21,LALIGA,2025-26,club_atletico_de_madrid,Club Atlético de Madrid,rcd_espanyol_de_barcelona,RCD Espanyol de Barcelona,4,2
2026-02-21,PREMIER,2025-26,aston_villa_fc,Aston Villa FC,leeds_united_fc,Leeds United FC,1,1
2026-02-21,PREMIER,2025-26,brentford_fc,Brentford FC,brighton_hove_albion_fc,Brighton & Hove Albion FC,0,2
2026-02-21,PREMIER,2025-26,chelsea_fc,Chelsea FC,burnley_fc,Burnley FC,1,1
2026-02-21,PREMIER,2025-26,west_ham_united_fc,West Ham United FC,afc_bournemouth,AFC Bournemouth,0,0
2026-02-21,PREMIER,2025-26,manchester_city_fc,Manchester City FC,newcastle_united_fc,Newcastle United FC,2,1
2026-02-21,SERIEA,2025-26,juventus_fc,Juventus FC,como_1907,Como 1907,0,2
2026-02-21,SERIEA,2025-26,us_lecce,US Lecce,fc_internazionale_milano,FC Internazionale Milano,0,2
2026-02-21,SERIEA,2025-26,cagliari_calcio,Cagliari Calcio,ss_lazio,SS Lazio,0,0
2026-02-22,LALIGA,2025-26,getafe_cf,Getafe CF,sevilla_fc,Sevilla FC,0,1
2026-02-22,LALIGA,2025-26,fc_barcelona,FC Barcelona,levante_ud,Levante UD,3,0
2026-02-22,LALIGA,2025-26,rc_celta_de_vigo,RC Celta de Vigo,rcd_mallorca,RCD Mallorca,2,0
2026-02-22,LALIGA,2025-26,villarreal_cf,Villarreal CF,valencia_cf,Valencia CF,2,1
2026-02-22,PREMIER,2025-26,sunderland_afc,Sunderland AFC,fulham_fc,Fulham FC,1,3
2026-02-22,PREMIER,2025-26,crystal_palace_fc,Crystal Palace FC,wolverhampton_wanderers_fc,Wolverhampton Wanderers FC,1,0
2026-02-22,PREMIER,2025-26,nottingham_forest_fc,Nottingham Forest FC,liverpool_fc,Liverpool FC,0,1
2026-02-22,PREMIER,2025-26,tottenham_hotspur_fc,Tottenham Hotspur FC,arsenal_fc,Arsenal FC,1,4
2026-02-22,SERIEA,2025-26,genoa_cfc,Genoa CFC,torino_fc,Torino FC,3,0
2026-02-22,SERIEA,2025-26,atalanta_bc,Atalanta BC,ssc_napoli,SSC Napoli,2,1
2026-02-22,SERIEA,2025-26,ac_milan,AC Milan,parma_calcio_1913,Parma Calcio 1913,0,1
2026-02-22,SERIEA,2025-26,as_roma,AS Roma,us_cremonese,US Cremonese,3,0
2026-02-23,LALIGA,2025-26,deportivo_alaves,Deportivo Alavés,girona_fc,Girona FC,2,2
2026-02-23,PREMIER,2025-26,everton_fc,Everton FC,manchester_united_fc,Manchester United FC,0,1
2026-02-23,SERIEA,2025-26,acf_fiorentina,ACF Fiorentina,ac_pisa_1909,AC Pisa 1909,1,0
2026-02-23,SERIEA,2025-26,bologna_fc_1909,Bologna FC 1909,udinese_calcio,Udinese Calcio,1,0
2026-02-24,CHAMPIONS,2025-26,club_atletico_de_madrid,Club Atlético de Madrid,club_brugge_kv,Club Brugge KV,4,1
2026-02-24,CHAMPIONS,2025-26,newcastle_united_fc,Newcastle United FC,qarabag_agdam_fk,Qarabağ Ağdam FK,3,2
2026-02-24,CHAMPIONS,2025-26,bayer_04_leverkusen,Bayer 04 Leverkusen,pae_olympiakos_sfp,PAE Olympiakos SFP,0,0
2026-02-24,CHAMPIONS,2025-26,fc_internazionale_milano,FC Internazionale Milano,fk_bod_glimt,FK Bodø/Glimt,1,2
2026-02-25,CHAMPIONS,2025-26,atalanta_bc,Atalanta BC,borussia_dortmund,Borussia Dortmund,4,1
2026-02-25,CHAMPIONS,2025-26,real_madrid_cf,Real Madrid CF,sport_lisboa_e_benfica,Sport Lisboa e Benfica,2,1
2026-02-25,CHAMPIONS,2025-26,paris_saint_germain_fc,Paris Saint-Germain FC,as_monaco_fc,AS Monaco FC,2,2
2026-02-25,CHAMPIONS,2025-26,juventus_fc,Juventus FC,galatasaray_sk,Galatasaray SK,3,2
2026-02-27,LALIGA,2025-26,levante_ud,Levante UD,deportivo_alaves,Deportivo Alavés,2,0
2026-02-27,PREMIER,2025-26,wolverhampton_wanderers_fc,Wolverhampton Wanderers FC,aston_villa_fc,Aston Villa FC,2,0
2026-02-27,SERIEA,2025-26,parma_calcio_1913,Parma Calcio 1913,cagliari_calcio,Cagliari Calcio,1,1
2026-02-28,LALIGA,2025-26,rayo_vallecano_de_madrid,Rayo Vallecano de Madrid,athletic_club,Athletic Club,1,1
2026-02-28,LALIGA,2025-26,fc_barcelona,FC Barcelona,villarreal_cf,Villarreal CF,4,1
2026-02-28,LALIGA,2025-26,rcd_mallorca,RCD Mallorca,real_sociedad_de_futbol,Real Sociedad de Fútbol,0,1
2026-02-28,LALIGA,2025-26,real_oviedo,Real Oviedo,club_atletico_de_madrid,Club Atlético de Madrid,0,1
2026-02-28,PREMIER,2025-26,afc_bournemouth,AFC Bournemouth,sunderland_afc,Sunderland AFC,1,1
2026-02-28,PREMIER,2025-26,burnley_fc,Burnley FC,brentford_fc,Brentford FC,3,4
2026-02-28,PREMIER,2025-26,liverpool_fc,Liverpool FC,west_ham_united_fc,West Ham United FC,5,2
2026-02-28,PREMIER,2025-26,newcastle_united_fc,Newcastle United FC,everton_fc,Everton FC,2,3
2026-02-28,PREMIER,2025-26,leeds_united_fc,Leeds United FC,manchester_city_fc,Manchester City FC,0,1
2026-02-28,SERIEA,2025-26,como_1907,Como 1907,us_lecce,US Lecce,3,1
2026-02-28,SERIEA,2025-26,hellas_verona_fc,Hellas Verona FC,ssc_napoli,SSC Napoli,1,2
2026-02-28,SERIEA,2025-26,fc_internazionale_milano,FC Internazionale Milano,genoa_cfc,Genoa CFC,2,0
2026-03-01,LALIGA,2025-26,elche_cf,Elche CF,rcd_espanyol_de_barcelona,RCD Espanyol de Barcelona,2,2
2026-03-01,LALIGA,2025-26,valencia_cf,Valencia CF,ca_osasuna,CA Osasuna,1,0
2026-03-01,LALIGA,2025-26,real_betis_balompie,Real Betis Balompié,sevilla_fc,Sevilla FC,2,2
2026-03-01,LALIGA,2025-26,girona_fc,Girona FC,rc_celta_de_vigo,RC Celta de Vigo,1,2
2026-03-01,PREMIER,2025-26,brighton_hove_albion_fc,Brighton & Hove Albion FC,nottingham_forest_fc,Nottingham Forest FC,2,1
2026-03-01,PREMIER,2025-26,fulham_fc,Fulham FC,tottenham_hotspur_fc,Tottenham Hotspur FC,2,1
2026-03-01,PREMIER,2025-26,manchester_united_fc,Manchester United FC,crystal_palace_fc,Crystal Palace FC,2,1
2026-03-01,PREMIER,2025-26,arsenal_fc,Arsenal FC,chelsea_fc,Chelsea FC,2,1
2026-03-01,SERIEA,2025-26,us_cremonese,US Cremonese,ac_milan,AC Milan,0,2
2026-03-01,SERIEA,2025-26,us_sassuolo_calcio,US Sassuolo Calcio,atalanta_bc,Atalanta BC,2,1
2026-03-01,SERIEA,2025-26,torino_fc,Torino FC,ss_lazio,SS Lazio,2,0
2026-03-01,SERIEA,2025-26,as_roma,AS Roma,juventus_fc,Juventus FC,3,3
2026-03-02,LALIGA,2025-26,real_madrid_cf,Real Madrid CF,getafe_cf,Getafe CF,0,1
2026-03-02,SERIEA,2025-26,ac_pisa_1909,AC Pisa 1909,bologna_fc_1909,Bologna FC 1909,0,1
2026-03-02,SERIEA,2025-26,udinese_calcio,Udinese Calcio,acf_fiorentina,ACF Fiorentina,3,0
2026-03-03,PREMIER,2025-26,afc_bournemouth,AFC Bournemouth,brentford_fc,Brentford FC,0,0
2026-03-03,PREMIER,2025-26,everton_fc,Everton FC,burnley_fc,Burnley FC,2,0
2026-03-03,PREMIER,2025-26,leeds_united_fc,Leeds United FC,sunderland_afc,Sunderland AFC,0,1
2026-03-03,PREMIER,2025-26,wolverhampton_wanderers_fc,Wolverhampton Wanderers FC,liverpool_fc,Liverpool FC,2,1
2026-03-04,LALIGA,2025-26,rayo_vallecano_de_madrid,Rayo Vallecano de Madrid,real_oviedo,Real Oviedo,3,0
2026-03-04,PREMIER,2025-26,aston_villa_fc,Aston Villa FC,chelsea_fc,Chelsea FC,1,4
2026-03-04,PREMIER,2025-26,brighton_hove_albion_fc,Brighton & Hove Albion FC,arsenal_fc,Arsenal FC,0,1
2026-03-04,PREMIER,2025-26,fulham_fc,Fulham FC,west_ham_united_fc,West Ham United FC,0,1
2026-03-04,PREMIER,2025-26,manchester_city_fc,Manchester City FC,nottingham_forest_fc,Nottingham Forest FC,2,2
2026-03-04,PREMIER,2025-26,newcastle_united_fc,Newcastle United FC,manchester_united_fc,Manchester United FC,2,1
2026-03-05,PREMIER,2025-26,tottenham_hotspur_fc,Tottenham Hotspur FC,crystal_palace_fc,Crystal Palace FC,1,3
2026-03-06,LALIGA,2025-26,rc_celta_de_vigo,RC Celta de Vigo,real_madrid_cf,Real Madrid CF,1,2
2026-03-06,SERIEA,2025-26,ssc_napoli,SSC Napoli,torino_fc,Torino FC,2,1
2026-03-07,LALIGA,2025-26,ca_osasuna,CA Osasuna,rcd_mallorca,RCD Mallorca,2,2
2026-03-07,LALIGA,2025-26,levante_ud,Levante UD,girona_fc,Girona FC,1,1
2026-03-07,LALIGA,2025-26,club_atletico_de_madrid,Club Atlético de Madrid,real_sociedad_de_futbol,Real Sociedad de Fútbol,3,2
2026-03-07,LALIGA,2025-26,athletic_club,Athletic Club,fc_barcelona,FC Barcelona,0,1
2026-03-07,SERIEA,2025-26,cagliari_calcio,Cagliari Calcio,como_1907,Como 1907,1,2
2026-03-07,SERIEA,2025-26,atalanta_bc,Atalanta BC,udinese_calcio,Udinese Calcio,2,2
2026-03-07,SERIEA,2025-26,juventus_fc,Juventus FC,ac_pisa_1909,AC Pisa 1909,4,0
2026-03-08,LALIGA,2025-26,villarreal_cf,Villarreal CF,elche_cf,Elche CF,2,1
2026-03-08,LALIGA,2025-26,getafe_cf,Getafe CF,real_betis_balompie,Real Betis Balompié,2,0
2026-03-08,LALIGA,2025-26,sevilla_fc,Sevilla FC,rayo_vallecano_de_madrid,Rayo Vallecano de Madrid,1,1
2026-03-08,LALIGA,2025-26,valencia_cf,Valencia CF,deportivo_alaves,Deportivo Alavés,3,2
2026-03-08,SERIEA,2025-26,us_lecce,US Lecce,us_cremonese,US Cremonese,2,1
2026-03-08,SERIEA,2025-26,bologna_fc_1909,Bologna FC 1909,hellas_verona_fc,Hellas Verona FC,1,2
2026-03-08,SERIEA,2025-26,acf_fiorentina,ACF Fiorentina,parma_calcio_1913,Parma Calcio 1913,0,0
2026-03-08,SERIEA,2025-26,genoa_cfc,Genoa CFC,as_roma,AS Roma,2,1
2026-03-08,SERIEA,2025-26,ac_milan,AC Milan,fc_internazionale_milano,FC Internazionale Milano,1,0
2026-03-09,LALIGA,2025-26,rcd_espanyol_de_barcelona,RCD Espanyol de Barcelona,real_oviedo,Real Oviedo,1,1
2026-03-09,SERIEA,2025-26,ss_lazio,SS Lazio,us_sassuolo_calcio,US Sassuolo Calcio,2,1
2026-03-10,CHAMPIONS,2025-26,galatasaray_sk,Galatasaray SK,liverpool_fc,Liverpool FC,1,0
2026-03-10,CHAMPIONS,2025-26,atalanta_bc,Atalanta BC,fc_bayern_munchen,FC Bayern München,1,6
2026-03-10,CHAMPIONS,2025-26,newcastle_united_fc,Newcastle United FC,fc_barcelona,FC Barcelona,1,1
2026-03-10,CHAMPIONS,2025-26,club_atletico_de_madrid,Club Atlético de Madrid,tottenham_hotspur_fc,Tottenham Hotspur FC,5,2
2026-03-11,CHAMPIONS,2025-26,bayer_04_leverkusen,Bayer 04 Leverkusen,arsenal_fc,Arsenal FC,1,1
2026-03-11,CHAMPIONS,2025-26,paris_saint_germain_fc,Paris Saint-Germain FC,chelsea_fc,Chelsea FC,5,2
2026-03-11,CHAMPIONS,2025-26,real_madrid_cf,Real Madrid CF,manchester_city_fc,Manchester City FC,3,0
2026-03-11,CHAMPIONS,2025-26,fk_bod_glimt,FK Bodø/Glimt,sporting_clube_de_portugal,Sporting Clube de Portugal,3,0
2026-03-13,LALIGA,2025-26,deportivo_alaves,Deportivo Alavés,villarreal_cf,Villarreal CF,1,1
2026-03-13,SERIEA,2025-26,torino_fc,Torino FC,parma_calcio_1913,Parma Calcio 1913,4,1
2026-03-14,LALIGA,2025-26,girona_fc,Girona FC,athletic_club,Athletic Club,3,0
2026-03-14,LALIGA,2025-26,club_atletico_de_madrid,Club Atlético de Madrid,getafe_cf,Getafe CF,1,0
2026-03-14,LALIGA,2025-26,real_oviedo,Real Oviedo,valencia_cf,Valencia CF,1,0
2026-03-14,LALIGA,2025-26,real_madrid_cf,Real Madrid CF,elche_cf,Elche CF,4,1
2026-03-14,PREMIER,2025-26,sunderland_afc,Sunderland AFC,brighton_hove_albion_fc,Brighton & Hove Albion FC,0,1
2026-03-14,PREMIER,2025-26,burnley_fc,Burnley FC,afc_bournemouth,AFC Bournemouth,0,0
2026-03-14,PREMIER,2025-26,arsenal_fc,Arsenal FC,everton_fc,Everton FC,2,0
2026-03-14,PREMIER,2025-26,chelsea_fc,Chelsea FC,newcastle_united_fc,Newcastle United FC,0,1
2026-03-14,PREMIER,2025-26,west_ham_united_fc,West Ham United FC,manchester_city_fc,Manchester City FC,1,1
2026-03-14,SERIEA,2025-26,fc_internazionale_milano,FC Internazionale Milano,atalanta_bc,Atalanta BC,1,1
2026-03-14,SERIEA,2025-26,ssc_napoli,SSC Napoli,us_lecce,US Lecce,2,1
2026-03-14,SERIEA,2025-26,udinese_calcio,Udinese Calcio,juventus_fc,Juventus FC,0,1
2026-03-15,LALIGA,2025-26,rcd_mallorca,RCD Mallorca,rcd_espanyol_de_barcelona,RCD Espanyol de Barcelona,2,1
2026-03-15,LALIGA,2025-26,fc_barcelona,FC Barcelona,sevilla_fc,Sevilla FC,5,2
2026-03-15,LALIGA,2025-26,real_betis_balompie,Real Betis Balompié,rc_celta_de_vigo,RC Celta de Vigo,1,1
2026-03-15,LALIGA,2025-26,real_sociedad_de_futbol,Real Sociedad de Fútbol,ca_osasuna,CA Osasuna,3,1
2026-03-15,PREMIER,2025-26,crystal_palace_fc,Crystal Palace FC,leeds_united_fc,Leeds United FC,0,0
2026-03-15,PREMIER,2025-26,manchester_united_fc,Manchester United FC,aston_villa_fc,Aston Villa FC,3,1
2026-03-15,PREMIER,2025-26,nottingham_forest_fc,Nottingham Forest FC,fulham_fc,Fulham FC,0,0
2026-03-15,PREMIER,2025-26,liverpool_fc,Liverpool FC,tottenham_hotspur_fc,Tottenham Hotspur FC,1,1
2026-03-15,SERIEA,2025-26,hellas_verona_fc,Hellas Verona FC,genoa_cfc,Genoa CFC,0,2
2026-03-15,SERIEA,2025-26,ac_pisa_1909,AC Pisa 1909,cagliari_calcio,Cagliari Calcio,3,1
2026-03-15,SERIEA,2025-26,us_sassuolo_calcio,US Sassuolo Calcio,bologna_fc_1909,Bologna FC 1909,0,1
2026-03-15,SERIEA,2025-26,como_1907,Como 1907,as_roma,AS Roma,2,1
2026-03-15,SERIEA,2025-26,ss_lazio,SS Lazio,ac_milan,AC Milan,1,0
2026-03-16,LALIGA,2025-26,rayo_vallecano_de_madrid,Rayo Vallecano de Madrid,levante_ud,Levante UD,1,1
2026-03-16,PREMIER,2025-26,brentford_fc,Brentford FC,wolverhampton_wanderers_fc,Wolverhampton Wanderers FC,2,2
2026-03-16,SERIEA,2025-26,us_cremonese,US Cremonese,acf_fiorentina,ACF Fiorentina,1,4
2026-03-17,CHAMPIONS,2025-26,sporting_clube_de_portugal,Sporting Clube de Portugal,fk_bod_glimt,FK Bodø/Glimt,5,0
2026-03-17,CHAMPIONS,2025-26,chelsea_fc,Chelsea FC,paris_saint_germain_fc,Paris Saint-Germain FC,0,3
2026-03-17,CHAMPIONS,2025-26,manchester_city_fc,Manchester City FC,real_madrid_cf,Real Madrid CF,1,2
2026-03-17,CHAMPIONS,2025-26,arsenal_fc,Arsenal FC,bayer_04_leverkusen,Bayer 04 Leverkusen,2,0
2026-03-18,CHAMPIONS,2025-26,fc_barcelona,FC Barcelona,newcastle_united_fc,Newcastle United FC,7,2
2026-03-18,CHAMPIONS,2025-26,liverpool_fc,Liverpool FC,galatasaray_sk,Galatasaray SK,4,0
2026-03-18,CHAMPIONS,2025-26,fc_bayern_munchen,FC Bayern München,atalanta_bc,Atalanta BC,4,1
2026-03-18,CHAMPIONS,2025-26,tottenham_hotspur_fc,Tottenham Hotspur FC,club_atletico_de_madrid,Club Atlético de Madrid,3,2
2026-03-20,LALIGA,2025-26,villarreal_cf,Villarreal CF,real_sociedad_de_futbol,Real Sociedad de Fútbol,3,1
2026-03-20,PREMIER,2025-26,afc_bournemouth,AFC Bournemouth,manchester_united_fc,Manchester United FC,2,2
2026-03-20,SERIEA,2025-26,cagliari_calcio,Cagliari Calcio,ssc_napoli,SSC Napoli,0,1
2026-03-20,SERIEA,2025-26,genoa_cfc,Genoa CFC,udinese_calcio,Udinese Calcio,0,2
2026-03-21,LALIGA,2025-26,elche_cf,Elche CF,rcd_mallorca,RCD Mallorca,2,1
2026-03-21,LALIGA,2025-26,rcd_espanyol_de_barcelona,RCD Espanyol de Barcelona,getafe_cf,Getafe CF,1,2
2026-03-21,LALIGA,2025-26,levante_ud,Levante UD,real_oviedo,Real Oviedo,4,2
2026-03-21,LALIGA,2025-26,ca_osasuna,CA Osasuna,girona_fc,Girona FC,1,0
2026-03-21,LALIGA,2025-26,sevilla_fc,Sevilla FC,valencia_cf,Valencia CF,0,2
2026-03-21,PREMIER,2025-26,brighton_hove_albion_fc,Brighton & Hove Albion FC,liverpool_fc,Liverpool FC,2,1
2026-03-21,PREMIER,2025-26,fulham_fc,Fulham FC,burnley_fc,Burnley FC,3,1
2026-03-21,PREMIER,2025-26,everton_fc,Everton FC,chelsea_fc,Chelsea FC,3,0
2026-03-21,PREMIER,2025-26,leeds_united_fc,Leeds United FC,brentford_fc,Brentford FC,0,0
2026-03-21,SERIEA,2025-26,parma_calcio_1913,Parma Calcio 1913,us_cremonese,US Cremonese,0,2
2026-03-21,SERIEA,2025-26,ac_milan,AC Milan,torino_fc,Torino FC,3,2
2026-03-21,SERIEA,2025-26,juventus_fc,Juventus FC,us_sassuolo_calcio,US Sassuolo Calcio,1,1
2026-03-22,LALIGA,2025-26,fc_barcelona,FC Barcelona,rayo_vallecano_de_madrid,Rayo Vallecano de Madrid,1,0
2026-03-22,LALIGA,2025-26,rc_celta_de_vigo,RC Celta de Vigo,deportivo_alaves,Deportivo Alavés,3,4
2026-03-22,LALIGA,2025-26,athletic_club,Athletic Club,real_betis_balompie,Real Betis Balompié,2,1
2026-03-22,LALIGA,2025-26,real_madrid_cf,Real Madrid CF,club_atletico_de_madrid,Club Atlético de Madrid,3,2
2026-03-22,PREMIER,2025-26,newcastle_united_fc,Newcastle United FC,sunderland_afc,Sunderland AFC,1,2
2026-03-22,PREMIER,2025-26,aston_villa_fc,Aston Villa FC,west_ham_united_fc,West Ham United FC,2,0
2026-03-22,PREMIER,2025-26,tottenham_hotspur_fc,Tottenham Hotspur FC,nottingham_forest_fc,Nottingham Forest FC,0,3
2026-03-22,SERIEA,2025-26,como_1907,Como 1907,ac_pisa_1909,AC Pisa 1909,5,0
2026-03-22,SERIEA,2025-26,atalanta_bc,Atalanta BC,hellas_verona_fc,Hellas Verona FC,1,0
2026-03-22,SERIEA,2025-26,bologna_fc_1909,Bologna FC 1909,ss_lazio,SS Lazio,0,2
2026-03-22,SERIEA,2025-26,as_roma,AS Roma,us_lecce,US Lecce,1,0
2026-03-22,SERIEA,2025-26,acf_fiorentina,ACF Fiorentina,fc_internazionale_milano,FC Internazionale Milano,1,1
2026-04-03,LALIGA,2025-26,rayo_vallecano_de_madrid,Rayo Vallecano de Madrid,elche_cf,Elche CF,1,0
2026-04-04,LALIGA,2025-26,real_sociedad_de_futbol,Real Sociedad de Fútbol,levante_ud,Levante UD,2,0
2026-04-04,LALIGA,2025-26,rcd_mallorca,RCD Mallorca,real_madrid_cf,Real Madrid CF,2,1
2026-04-04,LALIGA,2025-26,real_betis_balompie,Real Betis Balompié,rcd_espanyol_de_barcelona,RCD Espanyol de Barcelona,0,0
2026-04-04,LALIGA,2025-26,club_atletico_de_madrid,Club Atlético de Madrid,fc_barcelona,FC Barcelona,1,2
2026-04-04,SERIEA,2025-26,us_sassuolo_calcio,US Sassuolo Calcio,cagliari_calcio,Cagliari Calcio,2,1
2026-04-04,SERIEA,2025-26,hellas_verona_fc,Hellas Verona FC,acf_fiorentina,ACF Fiorentina,0,1
2026-04-04,SERIEA,2025-26,ss_lazio,SS Lazio,parma_calcio_1913,Parma Calcio 1913,1,1
2026-04-05,LALIGA,2025-26,getafe_cf,Getafe CF,athletic_club,Athletic Club,2,0
2026-04-05,LALIGA,2025-26,valencia_cf,Valencia CF,rc_celta_de_vigo,RC Celta de Vigo,2,3
2026-04-05,LALIGA,2025-26,real_oviedo,Real Oviedo,sevilla_fc,Sevilla FC,1,0
2026-04-05,LALIGA,2025-26,deportivo_alaves,Deportivo Alavés,ca_osasuna,CA Osasuna,2,2
2026-04-05,SERIEA,2025-26,us_cremonese,US Cremonese,bologna_fc_1909,Bologna FC 1909,1,2
2026-04-05,SERIEA,2025-26,ac_pisa_1909,AC Pisa 1909,torino_fc,Torino FC,0,1
2026-04-05,SERIEA,2025-26,fc_internazionale_milano,FC Internazionale Milano,as_roma,AS Roma,5,2
2026-04-06,LALIGA,2025-26,girona_fc,Girona FC,villarreal_cf,Villarreal CF,1,0
2026-04-06,SERIEA,2025-26,udinese_calcio,Udinese Calcio,como_1907,Como 1907,0,0
2026-04-06,SERIEA,2025-26,us_lecce,US Lecce,atalanta_bc,Atalanta BC,0,3
2026-04-06,SERIEA,2025-26,juventus_fc,Juventus FC,genoa_cfc,Genoa CFC,2,0
2026-04-06,SERIEA,2025-26,ssc_napoli,SSC Napoli,ac_milan,AC Milan,1,0
2026-04-07,CHAMPIONS,2025-26,real_madrid_cf,Real Madrid CF,fc_bayern_munchen,FC Bayern München,1,2
2026-04-07,CHAMPIONS,2025-26,sporting_clube_de_portugal,Sporting Clube de Portugal,arsenal_fc,Arsenal FC,0,1
2026-04-08,CHAMPIONS,2025-26,paris_saint_germain_fc,Paris Saint-Germain FC,liverpool_fc,Liverpool FC,2,0
2026-04-08,CHAMPIONS,2025-26,fc_barcelona,FC Barcelona,club_atletico_de_madrid,Club Atlético de Madrid,0,2
2026-04-10,LALIGA,2025-26,real_madrid_cf,Real Madrid CF,girona_fc,Girona FC,1,1
2026-04-10,PREMIER,2025-26,west_ham_united_fc,West Ham United FC,wolverhampton_wanderers_fc,Wolverhampton Wanderers FC,4,0
2026-04-10,SERIEA,2025-26,as_roma,AS Roma,ac_pisa_1909,AC Pisa 1909,3,0
2026-04-11,LALIGA,2025-26,real_sociedad_de_futbol,Real Sociedad de Fútbol,deportivo_alaves,Deportivo Alavés,3,3
2026-04-11,LALIGA,2025-26,elche_cf,Elche CF,valencia_cf,Valencia CF,1,0
2026-04-11,LALIGA,2025-26,fc_barcelona,FC Barcelona,rcd_espanyol_de_barcelona,RCD Espanyol de Barcelona,4,1
2026-04-11,LALIGA,2025-26,sevilla_fc,Sevilla FC,club_atletico_de_madrid,Club Atlético de Madrid,2,1
2026-04-11,PREMIER,2025-26,arsenal_fc,Arsenal FC,afc_bournemouth,AFC Bournemouth,1,2
2026-04-11,PREMIER,2025-26,brentford_fc,Brentford FC,everton_fc,Everton FC,2,2
2026-04-11,PREMIER,2025-26,burnley_fc,Burnley FC,brighton_hove_albion_fc,Brighton & Hove Albion FC,0,2
2026-04-11,PREMIER,2025-26,liverpool_fc,Liverpool FC,fulham_fc,Fulham FC,2,0
2026-04-11,SERIEA,2025-26,cagliari_calcio,Cagliari Calcio,us_cremonese,US Cremonese,1,0
2026-04-11,SERIEA,2025-26,torino_fc,Torino FC,hellas_verona_fc,Hellas Verona FC,2,1
2026-04-11,SERIEA,2025-26,ac_milan,AC Milan,udinese_calcio,Udinese Calcio,0,3
2026-04-11,SERIEA,2025-26,atalanta_bc,Atalanta BC,juventus_fc,Juventus FC,0,1
2026-04-12,LALIGA,2025-26,ca_osasuna,CA Osasuna,real_betis_balompie,Real Betis Balompié,1,1
2026-04-12,LALIGA,2025-26,rcd_mallorca,RCD Mallorca,rayo_vallecano_de_madrid,Rayo Vallecano de Madrid,3,0
2026-04-12,LALIGA,2025-26,rc_celta_de_vigo,RC Celta de Vigo,real_oviedo,Real Oviedo,0,3
2026-04-12,LALIGA,2025-26,athletic_club,Athletic Club,villarreal_cf,Villarreal CF,1,2
2026-04-12,PREMIER,2025-26,sunderland_afc,Sunderland AFC,tottenham_hotspur_fc,Tottenham Hotspur FC,1,0
2026-04-12,PREMIER,2025-26,crystal_palace_fc,Crystal Palace FC,newcastle_united_fc,Newcastle United FC,2,1
2026-04-12,PREMIER,2025-26,nottingham_forest_fc,Nottingham Forest FC,aston_villa_fc,Aston Villa FC,1,1
2026-04-12,PREMIER,2025-26,chelsea_fc,Chelsea FC,manchester_city_fc,Manchester City FC,0,3
2026-04-12,SERIEA,2025-26,genoa_cfc,Genoa CFC,us_sassuolo_calcio,US Sassuolo Calcio,2,1
2026-04-12,SERIEA,2025-26,parma_calcio_1913,Parma Calcio 1913,ssc_napoli,SSC Napoli,1,1
2026-04-12,SERIEA,2025-26,bologna_fc_1909,Bologna FC 1909,us_lecce,US Lecce,2,0
2026-04-12,SERIEA,2025-26,como_1907,Como 1907,fc_internazionale_milano,FC Internazionale Milano,3,4
2026-04-13,LALIGA,2025-26,levante_ud,Levante UD,getafe_cf,Getafe CF,1,0
2026-04-13,PREMIER,2025-26,manchester_united_fc,Manchester United FC,leeds_united_fc,Leeds United FC,1,2
2026-04-13,SERIEA,2025-26,acf_fiorentina,ACF Fiorentina,ss_lazio,SS Lazio,1,0
2026-04-14,CHAMPIONS,2025-26,liverpool_fc,Liverpool FC,paris_saint_germain_fc,Paris Saint-Germain FC,0,2
2026-04-14,CHAMPIONS,2025-26,club_atletico_de_madrid,Club Atlético de Madrid,fc_barcelona,FC Barcelona,1,2
2026-04-15,CHAMPIONS,2025-26,fc_bayern_munchen,FC Bayern München,real_madrid_cf,Real Madrid CF,4,3
2026-04-15,CHAMPIONS,2025-26,arsenal_fc,Arsenal FC,sporting_clube_de_portugal,Sporting Clube de Portugal,0,0
2026-04-17,SERIEA,2025-26,us_sassuolo_calcio,US Sassuolo Calcio,como_1907,Como 1907,2,1
2026-04-17,SERIEA,2025-26,fc_internazionale_milano,FC Internazionale Milano,cagliari_calcio,Cagliari Calcio,3,0
2026-04-18,PREMIER,2025-26,brentford_fc,Brentford FC,fulham_fc,Fulham FC,0,0
2026-04-18,PREMIER,2025-26,newcastle_united_fc,Newcastle United FC,afc_bournemouth,AFC Bournemouth,1,2
2026-04-18,PREMIER,2025-26,leeds_united_fc,Leeds United FC,wolverhampton_wanderers_fc,Wolverhampton Wanderers FC,3,0
2026-04-18,PREMIER,2025-26,tottenham_hotspur_fc,Tottenham Hotspur FC,brighton_hove_albion_fc,Brighton & Hove Albion FC,2,2
2026-04-18,PREMIER,2025-26,chelsea_fc,Chelsea FC,manchester_united_fc,Manchester United FC,0,1
2026-04-18,SERIEA,2025-26,udinese_calcio,Udinese Calcio,parma_calcio_1913,Parma Calcio 1913,0,1
2026-04-18,SERIEA,2025-26,ssc_napoli,SSC Napoli,ss_lazio,SS Lazio,0,2
2026-04-18,SERIEA,2025-26,as_roma,AS Roma,atalanta_bc,Atalanta BC,1,1
2026-04-19,PREMIER,2025-26,nottingham_forest_fc,Nottingham Forest FC,burnley_fc,Burnley FC,4,1
2026-04-19,PREMIER,2025-26,aston_villa_fc,Aston Villa FC,sunderland_afc,Sunderland AFC,4,3
2026-04-19,PREMIER,2025-26,everton_fc,Everton FC,liverpool_fc,Liverpool FC,1,2
2026-04-19,PREMIER,2025-26,manchester_city_fc,Manchester City FC,arsenal_fc,Arsenal FC,2,1
2026-04-19,SERIEA,2025-26,us_cremonese,US Cremonese,torino_fc,Torino FC,0,0
2026-04-19,SERIEA,2025-26,hellas_verona_fc,Hellas Verona FC,ac_milan,AC Milan,0,1
2026-04-19,SERIEA,2025-26,ac_pisa_1909,AC Pisa 1909,genoa_cfc,Genoa CFC,1,2
2026-04-19,SERIEA,2025-26,juventus_fc,Juventus FC,bologna_fc_1909,Bologna FC 1909,2,0
2026-04-20,PREMIER,2025-26,crystal_palace_fc,Crystal Palace FC,west_ham_united_fc,West Ham United FC,0,0
2026-04-20,SERIEA,2025-26,us_lecce,US Lecce,acf_fiorentina,ACF Fiorentina,1,1
2026-04-21,LALIGA,2025-26,athletic_club,Athletic Club,ca_osasuna,CA Osasuna,1,0
2026-04-21,LALIGA,2025-26,rcd_mallorca,RCD Mallorca,valencia_cf,Valencia CF,1,1
2026-04-21,LALIGA,2025-26,real_madrid_cf,Real Madrid CF,deportivo_alaves,Deportivo Alavés,2,1
2026-04-21,LALIGA,2025-26,girona_fc,Girona FC,real_betis_balompie,Real Betis Balompié,2,3
2026-04-21,PREMIER,2025-26,brighton_hove_albion_fc,Brighton & Hove Albion FC,chelsea_fc,Chelsea FC,3,0
2026-04-22,LALIGA,2025-26,elche_cf,Elche CF,club_atletico_de_madrid,Club Atlético de Madrid,3,2
2026-04-22,LALIGA,2025-26,real_sociedad_de_futbol,Real Sociedad de Fútbol,getafe_cf,Getafe CF,0,1
2026-04-22,LALIGA,2025-26,fc_barcelona,FC Barcelona,rc_celta_de_vigo,RC Celta de Vigo,1,0
2026-04-22,PREMIER,2025-26,afc_bournemouth,AFC Bournemouth,leeds_united_fc,Leeds United FC,2,2
2026-04-22,PREMIER,2025-26,burnley_fc,Burnley FC,manchester_city_fc,Manchester City FC,0,1
2026-04-23,LALIGA,2025-26,levante_ud,Levante UD,sevilla_fc,Sevilla FC,2,0
2026-04-23,LALIGA,2025-26,rayo_vallecano_de_madrid,Rayo Vallecano de Madrid,rcd_espanyol_de_barcelona,RCD Espanyol de Barcelona,1,0
2026-04-23,LALIGA,2025-26,real_oviedo,Real Oviedo,villarreal_cf,Villarreal CF,1,1
2026-04-24,LALIGA,2025-26,real_betis_balompie,Real Betis Balompié,real_madrid_cf,Real Madrid CF,1,1
2026-04-24,PREMIER,2025-26,sunderland_afc,Sunderland AFC,nottingham_forest_fc,Nottingham Forest FC,0,5
2026-04-24,SERIEA,2025-26,ssc_napoli,SSC Napoli,us_cremonese,US Cremonese,4,0
2026-04-25,LALIGA,2025-26,deportivo_alaves,Deportivo Alavés,rcd_mallorca,RCD Mallorca,2,1
2026-04-25,LALIGA,2025-26,getafe_cf,Getafe CF,fc_barcelona,FC Barcelona,0,2
2026-04-25,LALIGA,2025-26,valencia_cf,Valencia CF,girona_fc,Girona FC,2,1
2026-04-25,LALIGA,2025-26,club_atletico_de_madrid,Club Atlético de Madrid,athletic_club,Athletic Club,3,2
2026-04-25,PREMIER,2025-26,fulham_fc,Fulham FC,aston_villa_fc,Aston Villa FC,1,0
2026-04-25,PREMIER,2025-26,liverpool_fc,Liverpool FC,crystal_palace_fc,Crystal Palace FC,3,1
2026-04-25,PREMIER,2025-26,west_ham_united_fc,West Ham United FC,everton_fc,Everton FC,2,1
2026-04-25,PREMIER,2025-26,wolverhampton_wanderers_fc,Wolverhampton Wanderers FC,tottenham_hotspur_fc,Tottenham Hotspur FC,0,1
2026-04-25,PREMIER,2025-26,arsenal_fc,Arsenal FC,newcastle_united_fc,Newcastle United FC,1,0
2026-04-25,SERIEA,2025-26,parma_calcio_1913,Parma Calcio 1913,ac_pisa_1909,AC Pisa 1909,1,0
2026-04-25,SERIEA,2025-26,bologna_fc_1909,Bologna FC 1909,as_roma,AS Roma,0,2
2026-04-25,SERIEA,2025-26,hellas_verona_fc,Hellas Verona FC,us_lecce,US Lecce,0,0
2026-04-26,LALIGA,2025-26,rayo_vallecano_de_madrid,Rayo Vallecano de Madrid,real_sociedad_de_futbol,Real Sociedad de Fútbol,3,3
2026-04-26,LALIGA,2025-26,real_oviedo,Real Oviedo,elche_cf,Elche CF,1,2
2026-04-26,LALIGA,2025-26,ca_osasuna,CA Osasuna,sevilla_fc,Sevilla FC,2,1
2026-04-26,LALIGA,2025-26,villarreal_cf,Villarreal CF,rc_celta_de_vigo,RC Celta de Vigo,2,1
2026-04-26,SERIEA,2025-26,acf_fiorentina,ACF Fiorentina,us_sassuolo_calcio,US Sassuolo Calcio,0,0
2026-04-26,SERIEA,2025-26,genoa_cfc,Genoa CFC,como_1907,Como 1907,0,2
2026-04-26,SERIEA,2025-26,torino_fc,Torino FC,fc_internazionale_milano,FC Internazionale Milano,2,2
2026-04-26,SERIEA,2025-26,ac_milan,AC Milan,juventus_fc,Juventus FC,0,0
2026-04-27,LALIGA,2025-26,rcd_espanyol_de_barcelona,RCD Espanyol de Barcelona,levante_ud,Levante UD,0,0
2026-04-27,PREMIER,2025-26,manchester_united_fc,Manchester United FC,brentford_fc,Brentford FC,2,1
2026-04-27,SERIEA,2025-26,cagliari_calcio,Cagliari Calcio,atalanta_bc,Atalanta BC,3,2
2026-04-27,SERIEA,2025-26,ss_lazio,SS Lazio,udinese_calcio,Udinese Calcio,3,3
2026-04-28,CHAMPIONS,2025-26,paris_saint_germain_fc,Paris Saint-Germain FC,fc_bayern_munchen,FC Bayern München,5,4
2026-04-29,CHAMPIONS,2025-26,club_atletico_de_madrid,Club Atlético de Madrid,arsenal_fc,Arsenal FC,1,1
2026-05-01,LALIGA,2025-26,girona_fc,Girona FC,rcd_mallorca,RCD Mallorca,0,1
2026-05-01,PREMIER,2025-26,leeds_united_fc,Leeds United FC,burnley_fc,Burnley FC,3,1
2026-05-01,SERIEA,2025-26,ac_pisa_1909,AC Pisa 1909,us_lecce,US Lecce,1,2
2026-05-02,LALIGA,2025-26,villarreal_cf,Villarreal CF,levante_ud,Levante UD,5,1
2026-05-02,LALIGA,2025-26,valencia_cf,Valencia CF,club_atletico_de_madrid,Club Atlético de Madrid,0,2
2026-05-02,LALIGA,2025-26,deportivo_alaves,Deportivo Alavés,athletic_club,Athletic Club,2,4
2026-05-02,LALIGA,2025-26,ca_osasuna,CA Osasuna,fc_barcelona,FC Barcelona,1,2
2026-05-02,PREMIER,2025-26,brentford_fc,Brentford FC,west_ham_united_fc,West Ham United FC,3,0
2026-05-02,PREMIER,2025-26,newcastle_united_fc,Newcastle United FC,brighton_hove_albion_fc,Brighton & Hove Albion FC,3,1
2026-05-02,PREMIER,2025-26,wolverhampton_wanderers_fc,Wolverhampton Wanderers FC,sunderland_afc,Sunderland AFC,1,1
2026-05-02,PREMIER,2025-26,arsenal_fc,Arsenal FC,fulham_fc,Fulham FC,3,0
2026-05-02,SERIEA,2025-26,udinese_calcio,Udinese Calcio,torino_fc,Torino FC,2,0
2026-05-02,SERIEA,2025-26,como_1907,Como 1907,ssc_napoli,SSC Napoli,0,0
2026-05-02,SERIEA,2025-26,atalanta_bc,Atalanta BC,genoa_cfc,Genoa CFC,0,0
2026-05-03,LALIGA,2025-26,rc_celta_de_vigo,RC Celta de Vigo,elche_cf,Elche CF,3,1
2026-05-03,LALIGA,2025-26,getafe_cf,Getafe CF,rayo_vallecano_de_madrid,Rayo Vallecano de Madrid,0,2
2026-05-03,LALIGA,2025-26,real_betis_balompie,Real Betis Balompié,real_oviedo,Real Oviedo,3,0
2026-05-03,LALIGA,2025-26,rcd_espanyol_de_barcelona,RCD Espanyol de Barcelona,real_madrid_cf,Real Madrid CF,0,2
2026-05-03,PREMIER,2025-26,afc_bournemouth,AFC Bournemouth,crystal_palace_fc,Crystal Palace FC,3,0
2026-05-03,PREMIER,2025-26,manchester_united_fc,Manchester United FC,liverpool_fc,Liverpool FC,3,2
2026-05-03,PREMIER,2025-26,aston_villa_fc,Aston Villa FC,tottenham_hotspur_fc,Tottenham Hotspur FC,1,2
2026-05-03,SERIEA,2025-26,bologna_fc_1909,Bologna FC 1909,cagliari_calcio,Cagliari Calcio,0,0
2026-05-03,SERIEA,2025-26,us_sassuolo_calcio,US Sassuolo Calcio,ac_milan,AC Milan,2,0
2026-05-03,SERIEA,2025-26,juventus_fc,Juventus FC,hellas_verona_fc,Hellas Verona FC,1,1
2026-05-03,SERIEA,2025-26,fc_internazionale_milano,FC Internazionale Milano,parma_calcio_1913,Parma Calcio 1913,2,0
2026-05-04,LALIGA,2025-26,sevilla_fc,Sevilla FC,real_sociedad_de_futbol,Real Sociedad de Fútbol,1,0
2026-05-04,PREMIER,2025-26,chelsea_fc,Chelsea FC,nottingham_forest_fc,Nottingham Forest FC,1,3
2026-05-04,PREMIER,2025-26,everton_fc,Everton FC,manchester_city_fc,Manchester City FC,3,3
2026-05-04,SERIEA,2025-26,us_cremonese,US Cremonese,ss_lazio,SS Lazio,1,2
2026-05-04,SERIEA,2025-26,as_roma,AS Roma,acf_fiorentina,ACF Fiorentina,4,0
2026-05-05,CHAMPIONS,2025-26,arsenal_fc,Arsenal FC,club_atletico_de_madrid,Club Atlético de Madrid,1,0
2026-05-06,CHAMPIONS,2025-26,fc_bayern_munchen,FC Bayern München,paris_saint_germain_fc,Paris Saint-Germain FC,1,1
2026-05-08,LALIGA,2025-26,levante_ud,Levante UD,ca_osasuna,CA Osasuna,3,2
2026-05-08,SERIEA,2025-26,torino_fc,Torino FC,us_sassuolo_calcio,US Sassuolo Calcio,2,1
2026-05-09,LALIGA,2025-26,elche_cf,Elche CF,deportivo_alaves,Deportivo Alavés,1,1
2026-05-09,LALIGA,2025-26,sevilla_fc,Sevilla FC,rcd_espanyol_de_barcelona,RCD Espanyol de Barcelona,2,1
2026-05-09,LALIGA,2025-26,club_atletico_de_madrid,Club Atlético de Madrid,rc_celta_de_vigo,RC Celta de Vigo,0,1
2026-05-09,LALIGA,2025-26,real_sociedad_de_futbol,Real Sociedad de Fútbol,real_betis_balompie,Real Betis Balompié,2,2
2026-05-09,PREMIER,2025-26,liverpool_fc,Liverpool FC,chelsea_fc,Chelsea FC,1,1
2026-05-09,PREMIER,2025-26,sunderland_afc,Sunderland AFC,manchester_united_fc,Manchester United FC,0,0
2026-05-09,PREMIER,2025-26,brighton_hove_albion_fc,Brighton & Hove Albion FC,wolverhampton_wanderers_fc,Wolverhampton Wanderers FC,3,0
2026-05-09,PREMIER,2025-26,fulham_fc,Fulham FC,afc_bournemouth,AFC Bournemouth,0,1
2026-05-09,PREMIER,2025-26,manchester_city_fc,Manchester City FC,brentford_fc,Brentford FC,3,0
2026-05-09,SERIEA,2025-26,cagliari_calcio,Cagliari Calcio,udinese_calcio,Udinese Calcio,0,2
2026-05-09,SERIEA,2025-26,ss_lazio,SS Lazio,fc_internazionale_milano,FC Internazionale Milano,0,3
2026-05-09,SERIEA,2025-26,us_lecce,US Lecce,juventus_fc,Juventus FC,0,1
2026-05-10,LALIGA,2025-26,rcd_mallorca,RCD Mallorca,villarreal_cf,Villarreal CF,1,1
2026-05-10,LALIGA,2025-26,athletic_club,Athletic Club,valencia_cf,Valencia CF,0,1
2026-05-10,LALIGA,2025-26,real_oviedo,Real Oviedo,getafe_cf,Getafe CF,0,0
2026-05-10,LALIGA,2025-26,fc_barcelona,FC Barcelona,real_madrid_cf,Real Madrid CF,2,0
2026-05-10,PREMIER,2025-26,crystal_palace_fc,Crystal Palace FC,everton_fc,Everton FC,2,2
2026-05-10,PREMIER,2025-26,burnley_fc,Burnley FC,aston_villa_fc,Aston Villa FC,2,2
2026-05-10,PREMIER,2025-26,nottingham_forest_fc,Nottingham Forest FC,newcastle_united_fc,Newcastle United FC,1,1
2026-05-10,PREMIER,2025-26,west_ham_united_fc,West Ham United FC,arsenal_fc,Arsenal FC,0,1
2026-05-10,SERIEA,2025-26,hellas_verona_fc,Hellas Verona FC,como_1907,Como 1907,0,1
2026-05-10,SERIEA,2025-26,acf_fiorentina,ACF Fiorentina,genoa_cfc,Genoa CFC,0,0
2026-05-10,SERIEA,2025-26,us_cremonese,US Cremonese,ac_pisa_1909,AC Pisa 1909,3,0
2026-05-10,SERIEA,2025-26,parma_calcio_1913,Parma Calcio 1913,as_roma,AS Roma,2,3
2026-05-10,SERIEA,2025-26,ac_milan,AC Milan,atalanta_bc,Atalanta BC,2,3
2026-05-11,LALIGA,2025-26,rayo_vallecano_de_madrid,Rayo Vallecano de Madrid,girona_fc,Girona FC,1,1
2026-05-11,PREMIER,2025-26,tottenham_hotspur_fc,Tottenham Hotspur FC,leeds_united_fc,Leeds United FC,1,1
2026-05-11,SERIEA,2025-26,ssc_napoli,SSC Napoli,bologna_fc_1909,Bologna FC 1909,2,3
2026-05-12,LALIGA,2025-26,rc_celta_de_vigo,RC Celta de Vigo,levante_ud,Levante UD,2,3
2026-05-12,LALIGA,2025-26,real_betis_balompie,Real Betis Balompié,elche_cf,Elche CF,2,1
2026-05-12,LALIGA,2025-26,ca_osasuna,CA Osasuna,club_atletico_de_madrid,Club Atlético de Madrid,1,2
2026-05-13,LALIGA,2025-26,rcd_espanyol_de_barcelona,RCD Espanyol de Barcelona,athletic_club,Athletic Club,2,0
2026-05-13,LALIGA,2025-26,villarreal_cf,Villarreal CF,sevilla_fc,Sevilla FC,2,3
2026-05-13,LALIGA,2025-26,deportivo_alaves,Deportivo Alavés,fc_barcelona,FC Barcelona,1,0
2026-05-13,LALIGA,2025-26,getafe_cf,Getafe CF,rcd_mallorca,RCD Mallorca,3,1
2026-05-13,PREMIER,2025-26,manchester_city_fc,Manchester City FC,crystal_palace_fc,Crystal Palace FC,3,0
2026-05-14,LALIGA,2025-26,valencia_cf,Valencia CF,rayo_vallecano_de_madrid,Rayo Vallecano de Madrid,1,1
2026-05-14,LALIGA,2025-26,girona_fc,Girona FC,real_sociedad_de_futbol,Real Sociedad de Fútbol,1,1
2026-05-14,LALIGA,2025-26,real_madrid_cf,Real Madrid CF,real_oviedo,Real Oviedo,2,0
2026-05-15,PREMIER,2025-26,aston_villa_fc,Aston Villa FC,liverpool_fc,Liverpool FC,4,2
2026-05-17,LALIGA,2025-26,athletic_club,Athletic Club,rc_celta_de_vigo,RC Celta de Vigo,1,1
2026-05-17,LALIGA,2025-26,club_atletico_de_madrid,Club Atlético de Madrid,girona_fc,Girona FC,1,0
2026-05-17,LALIGA,2025-26,elche_cf,Elche CF,getafe_cf,Getafe CF,1,0
2026-05-17,LALIGA,2025-26,levante_ud,Levante UD,rcd_mallorca,RCD Mallorca,2,0
2026-05-17,LALIGA,2025-26,rayo_vallecano_de_madrid,Rayo Vallecano de Madrid,villarreal_cf,Villarreal CF,2,0
2026-05-17,LALIGA,2025-26,real_sociedad_de_futbol,Real Sociedad de Fútbol,valencia_cf,Valencia CF,3,4
2026-05-17,LALIGA,2025-26,real_oviedo,Real Oviedo,deportivo_alaves,Deportivo Alavés,0,1
2026-05-17,LALIGA,2025-26,ca_osasuna,CA Osasuna,rcd_espanyol_de_barcelona,RCD Espanyol de Barcelona,1,2
2026-05-17,LALIGA,2025-26,sevilla_fc,Sevilla FC,real_madrid_cf,Real Madrid CF,0,1
2026-05-17,LALIGA,2025-26,fc_barcelona,FC Barcelona,real_betis_balompie,Real Betis Balompié,3,1
2026-05-17,PREMIER,2025-26,manchester_united_fc,Manchester United FC,nottingham_forest_fc,Nottingham Forest FC,3,2
2026-05-17,PREMIER,2025-26,brentford_fc,Brentford FC,crystal_palace_fc,Crystal Palace FC,2,2
2026-05-17,PREMIER,2025-26,everton_fc,Everton FC,sunderland_afc,Sunderland AFC,1,3
2026-05-17,PREMIER,2025-26,leeds_united_fc,Leeds United FC,brighton_hove_albion_fc,Brighton & Hove Albion FC,1,0
2026-05-17,PREMIER,2025-26,wolverhampton_wanderers_fc,Wolverhampton Wanderers FC,fulham_fc,Fulham FC,1,1
2026-05-17,PREMIER,2025-26,newcastle_united_fc,Newcastle United FC,west_ham_united_fc,West Ham United FC,3,1
2026-05-17,SERIEA,2025-26,as_roma,AS Roma,ss_lazio,SS Lazio,2,0
2026-05-17,SERIEA,2025-26,genoa_cfc,Genoa CFC,ac_milan,AC Milan,1,2
2026-05-17,SERIEA,2025-26,como_1907,Como 1907,parma_calcio_1913,Parma Calcio 1913,1,0
2026-05-17,SERIEA,2025-26,juventus_fc,Juventus FC,acf_fiorentina,ACF Fiorentina,0,2
2026-05-17,SERIEA,2025-26,ac_pisa_1909,AC Pisa 1909,ssc_napoli,SSC Napoli,0,3
2026-05-17,SERIEA,2025-26,fc_internazionale_milano,FC Internazionale Milano,hellas_verona_fc,Hellas Verona FC,1,1
2026-05-17,SERIEA,2025-26,atalanta_bc,Atalanta BC,bologna_fc_1909,Bologna FC 1909,0,1
2026-05-17,SERIEA,2025-26,cagliari_calcio,Cagliari Calcio,torino_fc,Torino FC,2,1
2026-05-17,SERIEA,2025-26,us_sassuolo_calcio,US Sassuolo Calcio,us_lecce,US Lecce,2,3
2026-05-17,SERIEA,2025-26,udinese_calcio,Udinese Calcio,us_cremonese,US Cremonese,0,1
2026-05-18,PREMIER,2025-26,arsenal_fc,Arsenal FC,burnley_fc,Burnley FC,1,0
2026-05-19,PREMIER,2025-26,afc_bournemouth,AFC Bournemouth,manchester_city_fc,Manchester City FC,1,1
2026-05-19,PREMIER,2025-26,chelsea_fc,Chelsea FC,tottenham_hotspur_fc,Tottenham Hotspur FC,2,1
2026-05-22,SERIEA,2025-26,acf_fiorentina,ACF Fiorentina,atalanta_bc,Atalanta BC,1,1
2026-05-23,LALIGA,2025-26,deportivo_alaves,Deportivo Alavés,rayo_vallecano_de_madrid,Rayo Vallecano de Madrid,1,2
2026-05-23,LALIGA,2025-26,real_betis_balompie,Real Betis Balompié,levante_ud,Levante UD,2,1
2026-05-23,LALIGA,2025-26,rc_celta_de_vigo,RC Celta de Vigo,sevilla_fc,Sevilla FC,1,0
2026-05-23,LALIGA,2025-26,rcd_espanyol_de_barcelona,RCD Espanyol de Barcelona,real_sociedad_de_futbol,Real Sociedad de Fútbol,1,1
2026-05-23,LALIGA,2025-26,getafe_cf,Getafe CF,ca_osasuna,CA Osasuna,1,0
2026-05-23,LALIGA,2025-26,rcd_mallorca,RCD Mallorca,real_oviedo,Real Oviedo,3,0
2026-05-23,LALIGA,2025-26,real_madrid_cf,Real Madrid CF,athletic_club,Athletic Club,4,2
2026-05-23,LALIGA,2025-26,valencia_cf,Valencia CF,fc_barcelona,FC Barcelona,3,1
2026-05-23,LALIGA,2025-26,girona_fc,Girona FC,elche_cf,Elche CF,1,1
2026-05-23,SERIEA,2025-26,bologna_fc_1909,Bologna FC 1909,fc_internazionale_milano,FC Internazionale Milano,3,3
2026-05-23,SERIEA,2025-26,ss_lazio,SS Lazio,ac_pisa_1909,AC Pisa 1909,2,1
2026-05-24,LALIGA,2025-26,villarreal_cf,Villarreal CF,club_atletico_de_madrid,Club Atlético de Madrid,5,1
2026-05-24,PREMIER,2025-26,sunderland_afc,Sunderland AFC,chelsea_fc,Chelsea FC,2,1
2026-05-24,PREMIER,2025-26,brighton_hove_albion_fc,Brighton & Hove Albion FC,manchester_united_fc,Manchester United FC,0,3
2026-05-24,PREMIER,2025-26,crystal_palace_fc,Crystal Palace FC,arsenal_fc,Arsenal FC,1,2
2026-05-24,PREMIER,2025-26,burnley_fc,Burnley FC,wolverhampton_wanderers_fc,Wolverhampton Wanderers FC,1,1
2026-05-24,PREMIER,2025-26,fulham_fc,Fulham FC,newcastle_united_fc,Newcastle United FC,2,0
2026-05-24,PREMIER,2025-26,liverpool_fc,Liverpool FC,brentford_fc,Brentford FC,1,1
2026-05-24,PREMIER,2025-26,manchester_city_fc,Manchester City FC,aston_villa_fc,Aston Villa FC,1,2
2026-05-24,PREMIER,2025-26,nottingham_forest_fc,Nottingham Forest FC,afc_bournemouth,AFC Bournemouth,1,1
2026-05-24,PREMIER,2025-26,tottenham_hotspur_fc,Tottenham Hotspur FC,everton_fc,Everton FC,1,0
2026-05-24,PREMIER,2025-26,west_ham_united_fc,West Ham United FC,leeds_united_fc,Leeds United FC,3,0
2026-05-24,SERIEA,2025-26,parma_calcio_1913,Parma Calcio 1913,us_sassuolo_calcio,US Sassuolo Calcio,1,0
2026-05-24,SERIEA,2025-26,ssc_napoli,SSC Napoli,udinese_calcio,Udinese Calcio,1,0
2026-05-24,SERIEA,2025-26,ac_milan,AC Milan,cagliari_calcio,Cagliari Calcio,1,2
2026-05-24,SERIEA,2025-26,hellas_verona_fc,Hellas Verona FC,as_roma,AS Roma,0,2
2026-05-24,SERIEA,2025-26,us_cremonese,US Cremonese,como_1907,Como 1907,1,4
2026-05-24,SERIEA,2025-26,us_lecce,US Lecce,genoa_cfc,Genoa CFC,1,0
2026-05-24,SERIEA,2025-26,torino_fc,Torino FC,juventus_fc,Juventus FC,2,2
2026-05-30,CHAMPIONS,2025-26,paris_saint_germain_fc,Paris Saint-Germain FC,arsenal_fc,Arsenal FC,5,4
2026-08-15,LALIGA,2026-27,deportivo_alaves,Deportivo Alavés,getafe_cf,Getafe CF,3,0
2026-08-15,LALIGA,2026-27,sevilla_fc,Sevilla FC,rayo_vallecano_de_madrid,Rayo Vallecano de Madrid,2,1
2026-08-16,LALIGA,2026-27,real_racing_club_de_santander,Real Racing Club de Santander,villarreal_cf,Villarreal CF,2,2
2026-08-16,LALIGA,2026-27,rcd_espanyol_de_barcelona,RCD Espanyol de Barcelona,levante_ud,Levante UD,3,0
2026-08-17,LALIGA,2026-27,rc_deportivo_la_coruna,RC Deportivo La Coruña,elche_cf,Elche CF,1,1
2026-08-19,LALIGA,2026-27,club_atletico_de_madrid,Club Atlético de Madrid,malaga_cf,Málaga CF,2,0
2026-08-20,LALIGA,2026-27,rayo_vallecano_de_madrid,Rayo Vallecano de Madrid,deportivo_alaves,Deportivo Alavés,1,1
2026-08-21,LALIGA,2026-27,real_betis_balompie,Real Betis Balompié,real_sociedad_de_futbol,Real Sociedad de Fútbol,1,0
2026-08-21,PREMIER,2026-27,arsenal_fc,Arsenal FC,coventry_city_fc,Coventry City FC,3,0
2026-08-22,LALIGA,2026-27,athletic_club,Athletic Club,sevilla_fc,Sevilla FC,1,3
2026-08-22,LALIGA,2026-27,valencia_cf,Valencia CF,rc_celta_de_vigo,RC Celta de Vigo,0,0
2026-08-22,LALIGA,2026-27,rcd_espanyol_de_barcelona,RCD Espanyol de Barcelona,real_madrid_cf,Real Madrid CF,1,2
2026-08-22,PREMIER,2026-27,hull_city_afc,Hull City AFC,manchester_united_fc,Manchester United FC,2,0
2026-08-22,PREMIER,2026-27,ipswich_town_fc,Ipswich Town FC,sunderland_afc,Sunderland AFC,2,1
2026-08-22,PREMIER,2026-27,nottingham_forest_fc,Nottingham Forest FC,leeds_united_fc,Leeds United FC,0,1
2026-08-22,PREMIER,2026-27,everton_fc,Everton FC,crystal_palace_fc,Crystal Palace FC,2,0
2026-08-22,PREMIER,2026-27,brentford_fc,Brentford FC,tottenham_hotspur_fc,Tottenham Hotspur FC,3,0
2026-08-22,SERIEA,2026-27,udinese_calcio,Udinese Calcio,como_1907,Como 1907,1,1
2026-08-22,SERIEA,2026-27,fc_internazionale_milano,FC Internazionale Milano,ac_monza,AC Monza,4,1
2026-08-22,SERIEA,2026-27,genoa_cfc,Genoa CFC,ssc_napoli,SSC Napoli,0,2
2026-08-22,SERIEA,2026-27,parma_calcio_1913,Parma Calcio 1913,cagliari_calcio,Cagliari Calcio,0,1
2026-08-23,LALIGA,2026-27,club_atletico_de_madrid,Club Atlético de Madrid,villarreal_cf,Villarreal CF,2,2
2026-08-23,LALIGA,2026-27,getafe_cf,Getafe CF,real_racing_club_de_santander,Real Racing Club de Santander,1,0
2026-08-23,LALIGA,2026-27,elche_cf,Elche CF,fc_barcelona,FC Barcelona,0,5
2026-08-23,PREMIER,2026-27,manchester_city_fc,Manchester City FC,afc_bournemouth,AFC Bournemouth,2,1
2026-08-23,PREMIER,2026-27,brighton_hove_albion_fc,Brighton & Hove Albion FC,aston_villa_fc,Aston Villa FC,4,0
2026-08-23,PREMIER,2026-27,newcastle_united_fc,Newcastle United FC,liverpool_fc,Liverpool FC,2,2
2026-08-23,SERIEA,2026-27,frosinone_calcio,Frosinone Calcio,juventus_fc,Juventus FC,0,1
2026-08-23,SERIEA,2026-27,venezia_fc,Venezia FC,us_lecce,US Lecce,0,2
2026-08-23,SERIEA,2026-27,atalanta_bc,Atalanta BC,us_sassuolo_calcio,US Sassuolo Calcio,2,1
2026-08-23,SERIEA,2026-27,torino_fc,Torino FC,ac_milan,AC Milan,1,2
2026-08-24,LALIGA,2026-27,ca_osasuna,CA Osasuna,levante_ud,Levante UD,0,0
2026-08-24,LALIGA,2026-27,malaga_cf,Málaga CF,rc_deportivo_la_coruna,RC Deportivo La Coruña,1,1
2026-08-24,PREMIER,2026-27,fulham_fc,Fulham FC,chelsea_fc,Chelsea FC,2,3
2026-08-24,SERIEA,2026-27,bologna_fc_1909,Bologna FC 1909,ss_lazio,SS Lazio,0,1
2026-08-24,SERIEA,2026-27,as_roma,AS Roma,acf_fiorentina,ACF Fiorentina,4,0
2026-08-25,LALIGA,2026-27,valencia_cf,Valencia CF,real_betis_balompie,Real Betis Balompié,0,1
2026-08-26,LALIGA,2026-27,real_madrid_cf,Real Madrid CF,real_sociedad_de_futbol,Real Sociedad de Fútbol,4,1
2026-08-27,LALIGA,2026-27,rc_celta_de_vigo,RC Celta de Vigo,ca_osasuna,CA Osasuna,1,2
2026-08-27,LALIGA,2026-27,fc_barcelona,FC Barcelona,athletic_club,Athletic Club,2,0
2026-08-28,LALIGA,2026-27,real_racing_club_de_santander,Real Racing Club de Santander,elche_cf,Elche CF,3,2
2026-08-28,LALIGA,2026-27,deportivo_alaves,Deportivo Alavés,villarreal_cf,Villarreal CF,1,0
2026-08-28,PREMIER,2026-27,crystal_palace_fc,Crystal Palace FC,manchester_city_fc,Manchester City FC,1,4
2026-08-28,SERIEA,2026-27,ac_milan,AC Milan,venezia_fc,Venezia FC,2,0
2026-08-29,LALIGA,2026-27,levante_ud,Levante UD,real_betis_balompie,Real Betis Balompié,5,2
2026-08-29,LALIGA,2026-27,real_sociedad_de_futbol,Real Sociedad de Fútbol,rcd_espanyol_de_barcelona,RCD Espanyol de Barcelona,2,1
2026-08-29,LALIGA,2026-27,sevilla_fc,Sevilla FC,club_atletico_de_madrid,Club Atlético de Madrid,1,3
2026-08-29,PREMIER,2026-27,liverpool_fc,Liverpool FC,nottingham_forest_fc,Nottingham Forest FC,2,2
2026-08-29,PREMIER,2026-27,afc_bournemouth,AFC Bournemouth,everton_fc,Everton FC,1,1
2026-08-29,PREMIER,2026-27,coventry_city_fc,Coventry City FC,hull_city_afc,Hull City AFC,0,1
2026-08-29,PREMIER,2026-27,tottenham_hotspur_fc,Tottenham Hotspur FC,newcastle_united_fc,Newcastle United FC,0,2
2026-08-29,SERIEA,2026-27,us_sassuolo_calcio,US Sassuolo Calcio,torino_fc,Torino FC,2,1
2026-08-29,SERIEA,2026-27,ac_monza,AC Monza,udinese_calcio,Udinese Calcio,2,3
2026-08-29,SERIEA,2026-27,acf_fiorentina,ACF Fiorentina,frosinone_calcio,Frosinone Calcio,0,3
2026-08-29,SERIEA,2026-27,juventus_fc,Juventus FC,parma_calcio_1913,Parma Calcio 1913,2,0
2026-08-30,LALIGA,2026-27,real_madrid_cf,Real Madrid CF,malaga_cf,Málaga CF,4,0
2026-08-30,LALIGA,2026-27,rc_deportivo_la_coruna,RC Deportivo La Coruña,valencia_cf,Valencia CF,3,1
2026-08-30,LALIGA,2026-27,rc_celta_de_vigo,RC Celta de Vigo,athletic_club,Athletic Club,0,2
2026-08-30,PREMIER,2026-27,sunderland_afc,Sunderland AFC,fulham_fc,Fulham FC,1,0
2026-08-30,PREMIER,2026-27,chelsea_fc,Chelsea FC,brighton_hove_albion_fc,Brighton & Hove Albion FC,4,3
2026-08-30,PREMIER,2026-27,leeds_united_fc,Leeds United FC,brentford_fc,Brentford FC,1,1
2026-08-30,PREMIER,2026-27,manchester_united_fc,Manchester United FC,ipswich_town_fc,Ipswich Town FC,5,2
2026-08-30,SERIEA,2026-27,ssc_napoli,SSC Napoli,como_1907,Como 1907,1,2
2026-08-30,SERIEA,2026-27,ss_lazio,SS Lazio,genoa_cfc,Genoa CFC,1,0
2026-08-30,SERIEA,2026-27,cagliari_calcio,Cagliari Calcio,fc_internazionale_milano,FC Internazionale Milano,0,1
2026-08-31,LALIGA,2026-27,ca_osasuna,CA Osasuna,getafe_cf,Getafe CF,1,0
2026-08-31,LALIGA,2026-27,fc_barcelona,FC Barcelona,rayo_vallecano_de_madrid,Rayo Vallecano de Madrid,5,2
2026-08-31,PREMIER,2026-27,aston_villa_fc,Aston Villa FC,arsenal_fc,Arsenal FC,0,1
2026-08-31,SERIEA,2026-27,us_lecce,US Lecce,as_roma,AS Roma,0,4
2026-08-31,SERIEA,2026-27,atalanta_bc,Atalanta BC,bologna_fc_1909,Bologna FC 1909,1,0
2026-09-03,LALIGA,2026-27,real_sociedad_de_futbol,Real Sociedad de Fútbol,rc_celta_de_vigo,RC Celta de Vigo,0,0
2026-09-04,LALIGA,2026-27,real_betis_balompie,Real Betis Balompié,real_madrid_cf,Real Madrid CF,1,0
2026-09-04,PREMIER,2026-27,ipswich_town_fc,Ipswich Town FC,liverpool_fc,Liverpool FC,0,2
2026-09-04,SERIEA,2026-27,genoa_cfc,Genoa CFC,como_1907,Como 1907,1,4
